company_id,ticker,company_name,title,published,summary,link
CMP001,MSFT,Microsoft Corporation,Microsoft launches firm to help companies adopt AI with $2.5 billion - Reuters,"Thu, 02 Jul 2026 13:01:58 GMT",Microsoft launches firm to help companies adopt AI with $2.5 billion  Reuters,https://news.google.com/rss/articles/CBMiwgFBVV95cUxObWVCMGFFWk1NRWJKRmI5T0hzWmxuNXZoUUM3VUJlNjY4RzZuU2tVRWNwZXliQlRNNDZZbFhSdHlBc2dQUzl5TS05YjBjOENFVTExaU0xMGp0TU1WemlYNDlEazNMSTRSXy1MSDJ2RnZZcHMzcDZiTVFQaDBPWUhYQWhDalUtUFE0Z21YRVltY29jR205dVc0Q3JiOWE1UTdwanR0VGlhRkJqYTZRVVJyUXZzODltSUNlZkJkS3RDelR6Zw?oc=5
CMP001,MSFT,Microsoft Corporation,Microsoft Frontier Company: AI engineering that amplifies and protects your intelligence - The Official Microsoft Blog,"Thu, 02 Jul 2026 13:33:05 GMT",Microsoft Frontier Company: AI engineering that amplifies and protects your intelligence  The Official Microsoft Blog,https://news.google.com/rss/articles/CBMizAFBVV95cUxNU3BlYjJRbEVFaGpNNFR2cG55LWpMakg1eTc3UTl3RHhrUUtmZWVHTkZST1dUZDZJaU1pNGRESkhEMFdNRHBfNTVuZElGQTJtdGlQTkstUjJ5NURxOVBINndHQWpWQXBpZHVtcW9SdXFLNDVlRFhvVW1LemNhU0c2NEUwVURuc1h1YzZhOUk4Q0o5V0VmMm5iaU1wS2hDNlNIcjh4QkV2dWhRUXB4TnhtdjhQeGFIRFRnUnluY2pHT2pNTFBaQl8xSjJ0Ri0?oc=5
CMP001,MSFT,Microsoft Corporation,"Microsoft Mobilizes 6,000 Workers to Help Customers Adopt AI - Bloomberg.com","Thu, 02 Jul 2026 15:51:13 GMT","Microsoft Mobilizes 6,000 Workers to Help Customers Adopt AI  Bloomberg.com",https://news.google.com/rss/articles/CBMisAFBVV95cUxQVU5JNzB6VFBPSDEyY1F6c2ZvNGp5YkFaeU56dkhpaVJJV1kwMVFmUWRBNEtRay1YSE16bDc2VmNHdE01aTRSVmFnSGNvUnlFWVNfOWJDdDA0dkZLY3lfb19IdUlmWmNzUjh3UUFNajBxeWdqanpEcjJQb3Z5V0VGWmU0Y2Z1TlcwZHpXVEJUREp5MG5pdDhKQUc5WndXeXlnM1NlLWlqVWNRcW5YSENRSQ?oc=5
CMP001,MSFT,Microsoft Corporation,Indian tech tycoon bets $30M of his own money to build AI alternative to Microsoft Office - TechCrunch,"Thu, 02 Jul 2026 05:30:00 GMT",Indian tech tycoon bets $30M of his own money to build AI alternative to Microsoft Office  TechCrunch,https://news.google.com/rss/articles/CBMirgFBVV95cUxNeWRfc3BGREc3NVQyVWVZQmF4VUN2Q1M4QzhQUVI2QjdLZUgxUjlZdjhCazlDYUUtTDJtRk51QllaLW5JYzViZXA0aXU0dU5iRnpRcmlRdW10WEhKN18yVW5aLXFlS1Y5UWRWNzM5Qk5LQmhoY2ZHT0J5ajlQMXB2cFdXR2xTNzhwZUR4UHkyckx0UzBuUGU3d1FOWWszTkVFMS1WbkQ1TjctWGlGYXc?oc=5
CMP001,MSFT,Microsoft Corporation,Microsoft launches AI-focused professional services business with $2.5B investment - SiliconANGLE,"Thu, 02 Jul 2026 20:52:31 GMT",Microsoft launches AI-focused professional services business with $2.5B investment  SiliconANGLE,https://news.google.com/rss/articles/CBMiswFBVV95cUxPeUdFdVVRVTJQSFN2dlRxQi14V3JsTGpXOFV4RTFfWDQ2X1pFcU9tdGJJR0ltNDlpVzdpR3NHSm9hQWczRmdBd3pNQjEtaGJ4aFVPYW1SYVZLcDZNWDNQMjZvWHJsamFuZ1VtVHo2M3BMbkhISzNFVzl5N3A2VGZacXA0blJjX2lVNjhWbU9pWXliNDhiSWt1aHhZMjI1YUhfYVpPQkVFSkVsbjZTSm9vTUVsaw?oc=5
CMP002,ORCL,Oracle Corporation,Oracle Announces Record Q4 and FY 2026 Results Driven by Cloud Infrastructure & Cloud Applications - Oracle - Investor Relations,"Wed, 10 Jun 2026 07:00:00 GMT",Oracle Announces Record Q4 and FY 2026 Results Driven by Cloud Infrastructure & Cloud Applications  Oracle - Investor Relations,https://news.google.com/rss/articles/CBMi_wFBVV95cUxPanhKdjVWTGloZlVNY29JSlJxZURPNHplelFjWGNMUXNqNmxTSGVmTXY2dWg2dlluQTdNczdRSGJDckRwZlo4VVVJOTRWTUpaRUF2ZlJVcUdleW1ERjIwaGhLcDR0bnNrOFI4ZWVHTkc2YzFrVXp0ejhHV0dfYjNVNlFSMnU3c2lKYmF3NGpfZlBLOXhPd1lOQUtXYVVPQVNEZ3hfekcxMHV1VERqajd2V0dYMlBvQWxlS0NwdmFRMzdLTllCZk5wUGpEdWxCbnNJQ3ZsYmRMZlV1Nnk2NFFVQWpDR3VXSndtOElYQnM1VWJhVjZ5UnhaVTJPV2NLTFk?oc=5
CMP002,ORCL,Oracle Corporation,Critical Oracle E-Business Suite bug actively exploited - SC Media,"Tue, 30 Jun 2026 19:27:12 GMT",Critical Oracle E-Business Suite bug actively exploited  SC Media,https://news.google.com/rss/articles/CBMijAFBVV95cUxOSV9oMFp0RF9PQmgzVERoN01DckphQjFibUFrdUx3X1pDR3M0bVREZmxOUExBeEZOT0s2ejRLN25XdGpScmxnd25aellBWjZ5OXRPSlNaVjhTYWdtZlFYNXlyUENKOW1TQlA2QjRhWkJtaUZlRFNQaHFnVEF5d1cyTko0ZUNIaHZCTGR4UQ?oc=5
CMP002,ORCL,Oracle Corporation,Oracle shares fall as company reports fourth quarter earnings - Austin American-Statesman,"Thu, 11 Jun 2026 07:00:00 GMT",Oracle shares fall as company reports fourth quarter earnings  Austin American-Statesman,https://news.google.com/rss/articles/CBMirgFBVV95cUxPQUZOOHRkZVBWY0tGdDZOVU9VV3k3MXdMVUwwZktSZmVQQ3pVTlJpdTJTa0xBTXRnN0UteUhnTUMtZVB6aEpMWUJZMHRkRHZYa1lGQmVpOGlVQ1BTSlN1RnJMem51eVNMWFZKTEFZejN2aXM4aG5Nd3VxSFRwQWJkbnZfRlRhdkpsa1Bla2E2Z2lmUTBZWDdEbUVtM0lGVE1FYktVUXR1Sm5RdFFZVXc?oc=5
CMP002,ORCL,Oracle Corporation,Oracle reports record revenue and profit — and $24 billion of negative cash flow from the AI race - The Business Journals,"Thu, 11 Jun 2026 07:00:00 GMT",Oracle reports record revenue and profit — and $24 billion of negative cash flow from the AI race  The Business Journals,https://news.google.com/rss/articles/CBMilgFBVV95cUxPcEktTFh3MU5ZYzFQbzZISFlIcEFJOG1oYjYzQlRjWk5lb3lHMjVadUtGTEltM0d0T083SW1nX21LSjJBQnZuVVZGZWhFekRrTVZ4d2Y5RjhRcEMwd0ZMRXhPb01zcFhSbDJFUldTSi1jT1FtYmJ1ei1tRkEwcjV3bWRUVHVaTkNPdEV2dW5yZ2JKVEdXbGc?oc=5
CMP002,ORCL,Oracle Corporation,"Oracle (ORCL) highlights cloud growth, AI focus and R&D surge in 2026 report - Stock Titan","Mon, 22 Jun 2026 07:00:00 GMT","Oracle (ORCL) highlights cloud growth, AI focus and R&D surge in 2026 report  Stock Titan",https://news.google.com/rss/articles/CBMinwFBVV95cUxOMnZESnBaUEs5eWJNcS13bTZ4d2tZS1NmY3FJQUhOSUxhQVFtM3dPN3FOXzEtVzJjd1NYY3ZoVVIzaG9UWmxmaFFRNGtfMkFnbVYwNXByaTlyYTJicDRQMXhfQXpNNk9ZM1QyWVhoRURQXzB2LU1CYm5IQUhVdlFtM1BVamVfWFppVk1IUjN2aC1zUm85V2dqRjl5d2FrYUU?oc=5
CMP003,IBM,IBM Corporation,Is International Business Machines Corporation (IBM) A Good Stock To Buy Now? - Yahoo Finance,"Mon, 29 Jun 2026 17:30:10 GMT",Is International Business Machines Corporation (IBM) A Good Stock To Buy Now?  Yahoo Finance,https://news.google.com/rss/articles/CBMisgFBVV95cUxOUGVncDJmNWFsNUlxNHI4aHFoNHRYTWNVeEhNcDhReDBROVpobWM1SXBWOHNqQUJhaFNUSVMySTUtajROaGtSUW8wcWR1d0dFTUVLNVRxNjJDSEdNWHAxWTNCMUdBbF82MGJoUU9VQUYyWk9WWHdHdHJBMjBZTnBVTlRmTVo3UlB0aEJmS2hrYWFNNVlQa0dVOEZDd1RXbTBpanVoX3VlUmtXRjlMZGNZY3F3?oc=5
CMP003,IBM,IBM Corporation,"Leonteq Securities AG Acquires 6,475 Shares of International Business Machines Corporation $IBM - MarketBeat","Fri, 03 Jul 2026 10:03:23 GMT","Leonteq Securities AG Acquires 6,475 Shares of International Business Machines Corporation $IBM  MarketBeat",https://news.google.com/rss/articles/CBMi6gFBVV95cUxPNk5XV3lMN1h4cDhtZ2U4Rk1BcDlDc1hmN1FCcHVRQTJBSF9BcFpJblBUc1JDa19LcXB1b294QmMzaFVhblB1eEoyV1lZU2M5VHhsNHdXdlJDamNXb0J0QW9DZE1tMUdWaFh2Tlp5REx3d055X3Z5TE5LLTdRYy1hNGQ3emV3LUpPQzhDWExnU0JJR2VVWjNZTHhldF9sbGRHTDExem04VWhiTnAzMUg5aEFiWG93OVJnODdLbjJUVlBOVTd0WGFSdEJtME5wOG5XTk5yOEV0S1lOd0ZudXZQcFp4VDZib0ZlQmc?oc=5
CMP003,IBM,IBM Corporation,Apptio Unveils Conversational Insights and New Suite of AI-Powered Capabilities to Translate Complex Technology Spend into Measurable Business Outcomes - IBM Newsroom,"Tue, 16 Jun 2026 07:00:00 GMT",Apptio Unveils Conversational Insights and New Suite of AI-Powered Capabilities to Translate Complex Technology Spend into Measurable Business Outcomes  IBM Newsroom,https://news.google.com/rss/articles/CBMilgJBVV95cUxPRkJFZDd5R2F4OU1iVG5SQTJCclZOWVRrb0pMaDVPWktaQVYzLXBsUVpBNlFMWGlkWG1jN09OSGVEbWcwMkpHaWs1WWdIYjVzX25LS01mZTN1NDBqakxNUFBlWW9ldURSTTFxZGdUMXlsa1RUeUU4UG54dVIxakJYNDJpRkFqbEYzX21OUGpzYzc1QUhSWm0xNmkyYkVCMEE4eHJqVnpxdXRlQ2E4eG01RWRDVDNjeE9wcl9ia1V6azUwTjFESWxLWkRpZjhoaC1VQ3VZdVA5ZWZ4OXJub3V4bzZDZVpIRGpBSVlFT1pkbHl2TGpzaEtWX1BjMlk3NUMyT3pnWFJoQ1J4QzRibk5nSG9uRmhEdw?oc=5
CMP003,IBM,IBM Corporation,International Business Machines Corp Stock (IBM) Moved Up by 3.90% on Jul 1: What Investors Need To Know - TradingKey,"Wed, 01 Jul 2026 17:15:16 GMT",International Business Machines Corp Stock (IBM) Moved Up by 3.90% on Jul 1: What Investors Need To Know  TradingKey,https://news.google.com/rss/articles/CBMiigFBVV95cUxOYko0YWt6VDZvVG9QLTBEVjRoSHBkNXlrQ1RhWTh5eU1kWU5jbll0UkFGbFFGeF81WFpwcldkdjY0U3ZON1Fmdzl0TWZJMUJ1d1c1YTFRY1hfekRoNXVKU2JlSnlfMWY2TnFYWEZIa3JTMHpJWnhLQkZnVURSRkxtWVgzWF9md0lFdnc?oc=5
CMP003,IBM,IBM Corporation,International Business Machines (IBM) Takes Aim at AI Cyber Risks and Next-Generation Computing With Two Major Announcements - Yahoo Finance,"Tue, 30 Jun 2026 10:27:17 GMT",International Business Machines (IBM) Takes Aim at AI Cyber Risks and Next-Generation Computing With Two Major Announcements  Yahoo Finance,https://news.google.com/rss/articles/CBMiqAFBVV95cUxObU5OTk9QbG9uOGJVVU5UT2JrZHQ3c0xOUzZPYTBBUUEtUXpUQjFDOWc2RkhhNzhIeUFKbno3ZWVQZDNKYjQ0TnpEZTE2MlRnS01yTG11Yzhna1FCNlo3TTRMelJoYXNCUkVtYXBScGk1YlBLTksxTkdjMlRBQlh4Tk90aXdNemRRSVhiSEtXZGZqZEt2U3E2S1FnbFVaTWdxaUY5NTNIaFA?oc=5
CMP004,CRM,Salesforce Inc.,"Salesforce Stock Is Down, But Is The Business Really Faltering? - Trefis","Fri, 03 Jul 2026 12:32:54 GMT","Salesforce Stock Is Down, But Is The Business Really Faltering?  Trefis",https://news.google.com/rss/articles/CBMivgFBVV95cUxOQnhhSEMzWjVXZXZUSzJwczRhaF9uZWhIZXAxck1feGx0UVJBa0tHOVZ3NFlFeWxkM0xRRmZWRVVrYVJ0bldvOWcxWkJ4ckkzOXpHUTZPR2NTdGNHSk80MzNXbml5dHVkR0RmQzNRYXBCUTlmaDFyS1BOR0Z1MGJUeXNGQzItcDU3R2htQUlCYjFKTS1mdlVQd0Z3aHVwNEZIc2tSYnBIUTB6Q0w0WlZoM19DaDQzcUlvTXlVcy13?oc=5
CMP004,CRM,Salesforce Inc.,Salesforce: Taking Advantage Of The Market's Misunderstanding Of Enterprise Software (CRM) - Seeking Alpha,"Thu, 25 Jun 2026 07:00:00 GMT",Salesforce: Taking Advantage Of The Market's Misunderstanding Of Enterprise Software (CRM)  Seeking Alpha,https://news.google.com/rss/articles/CBMiwAFBVV95cUxOWlc4Y0JFM0Z2Q1RYdDlpSFRvVEIzcVpNWlBhQVNUeTBVTExaUUszbmhFZWo2emY4Y2wxQVZRQU5NTWVtS2Z1OUVKX2xoVnVqaHBjVVUyaF9IcHUtRnZJQ0xOcEo2bFpNV19laWVUTW5pTHU5MDBfYzlqS05nakNNd2N3TGF0X2k3Xy1iOUl6NXVXM2lzWEFWb3FWVEdQVUQzM2hxNWlhLURzbmlZZmp0N0NXSENSalBPN2Qtd3FlX0g?oc=5
CMP004,CRM,Salesforce Inc.,Free CRM For Small Business: How To Get Started - Salesforce,"Sun, 21 Jun 2026 13:37:55 GMT",Free CRM For Small Business: How To Get Started  Salesforce,https://news.google.com/rss/articles/CBMiakFVX3lxTE03d1dEVnZublZJUVhwMXRNYnY2VVI2NVhaTVN3TDJJbUtDaEd1NVk4OFNIazRLVWV1Vzk5cm0ycW5lQ3BraVVEOWRRZTdPaGtTN1dBRnY3RFpZV2hDV2xsYXVMWVNZeTVDUGc?oc=5
CMP004,CRM,Salesforce Inc.,"Salesforce's AI Business Is Growing More Than 200%, but the Stock Is Near a 52-Week Low. Something Has to Give. - Yahoo Finance","Thu, 11 Jun 2026 07:00:00 GMT","Salesforce's AI Business Is Growing More Than 200%, but the Stock Is Near a 52-Week Low. Something Has to Give.  Yahoo Finance",https://news.google.com/rss/articles/CBMiowFBVV95cUxOSzFVQ1p5NzBmbklfLU1zU1dEOFQ0dkhrUk5lUmVzZVFkN3hNbS12ZGM3eGFFSm05WXY2bElfX1NSMU8zaHZ3bVpGZ0xldnFvLXpnUWVGVk5xVmtkTjM2QmVxbFVpSjdhRWlQYjN0dVpDSVY3QlNqbkp3YUNCS2tnNG0yelB6QjZmY0FUX20td3RkTUg4Z1hyQ21pY0RIcVAtaG9z?oc=5
CMP004,CRM,Salesforce Inc.,Salesforce deepens AI automation push with $3.6 billion Fin buyout - Reuters,"Mon, 15 Jun 2026 07:00:00 GMT",Salesforce deepens AI automation push with $3.6 billion Fin buyout  Reuters,https://news.google.com/rss/articles/CBMihwFBVV95cUxQV1FlS21zNlZXYlpJUG5iVDk5a0FkU2c5b1NjaFNZWXlmWDV0NFBrc2d3RVZoTDE1bmYyZ0FQTUp3YTBNYVR5SmlGTWdHb2JuSUFBdVdRWEhIZnEzcDN0SWttMjFWTHdrSGlId19pSXhRV2EtR1Z6YklHUVBoVncybUY5dHpXRzg?oc=5
CMP005,ADBE,Adobe Inc.,Adobe: A Strong Business Model That Delivers - A Value Equation Deep Dive (NASDAQ:ADBE) - Seeking Alpha,"Tue, 30 Jun 2026 21:58:23 GMT",Adobe: A Strong Business Model That Delivers - A Value Equation Deep Dive (NASDAQ:ADBE)  Seeking Alpha,https://news.google.com/rss/articles/CBMisAFBVV95cUxNZjl3MW1wNk8ya20zWUxCRExna3ZKUXJLeEJYSDgzSXloS1k0aTlGVWFqa2ZTMzZsY2oxcU1peTB6MUtsNC1kN2V0YkZXdklXRTBETm01TjNUNVN5dVYtWlpLQkMxRzY0LTBLTXBVZnhCeFNISEtQXzA4S01UbGJieHVHa1pnZjRiYUdLSGhFOXBJTzg4ZXJ0d2E3eTFDQkZYazhpSEtUeUwzb3ZxR0xRaA?oc=5
CMP005,ADBE,Adobe Inc.,Adobe Inc (ADBE) Accepts a Tradeoff to Drive Business Growth - Yahoo Finance,"Thu, 18 Jun 2026 07:00:00 GMT",Adobe Inc (ADBE) Accepts a Tradeoff to Drive Business Growth  Yahoo Finance,https://news.google.com/rss/articles/CBMimwFBVV95cUxOXzhsWUdpakw2M05YcnJOU3NFWENOOHJQdVhPRXA2ZVJUZmlKbHNLaVF5UkJEcTlzQWlGVnJNdHRuWjgyWk9VX2plRTRrSDRDSTF5ZmFySFU0b012Unk4NTVlRlVsc1N4UVB6ZVN2TUd3NzVheTREaHFid1VfX3ZYc1R5SE9nVXFrOUZLMF9LTWp6eHpUeklFcjFIMA?oc=5
CMP005,ADBE,Adobe Inc.,Adobe Accelerates Agentic AI Adoption Through New Agency and Technology Partnerships - Adobe Newsroom,"Mon, 22 Jun 2026 07:00:00 GMT",Adobe Accelerates Agentic AI Adoption Through New Agency and Technology Partnerships  Adobe Newsroom,https://news.google.com/rss/articles/CBMifkFVX3lxTE9CcVNldWNVdksySzJQU2FCaFJ3QWtLaEw5V2tYV3NpcHlYUTlJc0VvVzF0LVEwaEhBRlUxTTFZQm1GZnlPN2NmSGFmbFV2X3hnRnRkTEtETHNMd1c4TUJSZ1lrV3d4MnNDT0RMVjR1ZGpnNmNhNkV1aFJkUHg3QQ?oc=5
CMP005,ADBE,Adobe Inc.,"Adobe rises after HSBC upgrades to Buy, says AI fears around business are overdone - Investing.com","Thu, 02 Jul 2026 07:00:49 GMT","Adobe rises after HSBC upgrades to Buy, says AI fears around business are overdone  Investing.com",https://news.google.com/rss/articles/CBMi1AFBVV95cUxNWTA5TXhsNDRGbndrU0hVbHdyTWtrYy1jTWcteENmZm1NNDR5eW5KRGU0TWhVYml1aThXNHVCaGgwa0NNa3pCUVlwREZrYUtNQTBrb0F3RDRYZjVDMkM1akN1VXdCQ2gyRVhxWUhNdVlQMXZpZHE2RDZ5UEVRV21EU1NzVzNUUncta3RyY09HeGE4OVF4em1qcS1wWjd1b09Pa3JiLXpmT2F5Q0pZajAwNWpncjFMcjRtb2NZTUVYLTNSdGFjTHhmRFh2Ny1FekRhWWZFbA?oc=5
CMP005,ADBE,Adobe Inc.,Adobe's Own AI Tool Is Destroying Its Own Stock Photo Business. Management Just Admitted It - 24/7 Wall St.,"Fri, 29 May 2026 07:00:00 GMT",Adobe's Own AI Tool Is Destroying Its Own Stock Photo Business. Management Just Admitted It  24/7 Wall St.,https://news.google.com/rss/articles/CBMizgFBVV95cUxQUFJ4cFdvbWloQ1ZZOGVaU05INjQyal8zOUs0WG9TQ183Y0JkaDlUanMwcWVUQVdBcUp1VThLRDFzU1pFckppWjJXZGtCY3N2U3Q0STlzSTBBb21JVUM1T09TZVMtSlZoOVpBd2dZVzJzQ2lZYkdUcDV2V3JFRTlxeDRQUFZBeDR1Rlk3RnNkWURFRWhQZUs3M0hlMTNjV3AxLVNla19UOTRnaGR2NWRDVWZ5bGNtMmRQYmhVb2xBRXdDeUp0UHJYS2d6WnZwUQ?oc=5
CMP006,NOW,ServiceNow Inc.,DXC Technology Company and Servicenow Enter Multi-Year Agreement for Ai-First Enterprise Transformation - marketscreener.com,"Sat, 04 Jul 2026 19:06:00 GMT",DXC Technology Company and Servicenow Enter Multi-Year Agreement for Ai-First Enterprise Transformation  marketscreener.com,https://news.google.com/rss/articles/CBMi6AFBVV95cUxPOTBjTVEwbnZkTmR6bE4tWjRPQ01lT1l1dUtJeGRFYXNMWVlJdjJBX2poUzBlT3pFTmVKOXFxcjFNU0VOSnFDZ3dwR1ZpUUcycFVYTWpGZjBmRTlHWEZOQzVsRzAtT2x6X0JfUGZHWWJUWEVwa1RKOE55UG9GM3hNN1lYd3JtYTNDeVk3UXUwamkzaXAyOTRRblIzajR0ZXhWbFItcDl2V20wOXR3MTZlSHlqMEx1Y1dvMm15SmFsckVSV1QyMG8tU01HcGQzcVlxUk5WSEhPNExuTVZxNXlCOTJLaHNsTUVR?oc=5
CMP006,NOW,ServiceNow Inc.,ServiceNow and Accenture Launch AI-powered Services to Accelerate the Shift from Legacy Risk Platforms to Agentic AI - Accenture,"Mon, 29 Jun 2026 11:25:22 GMT",ServiceNow and Accenture Launch AI-powered Services to Accelerate the Shift from Legacy Risk Platforms to Agentic AI  Accenture,https://news.google.com/rss/articles/CBMi7gFBVV95cUxOTURQV1JObWtwUEMyM01SV0F4LWcySzd1MUJaOWpiLU9FVWd1eFlGNTNOeHY0OThPSmRlMzVvZEFlSVRZaUg0OW4zOWhGRGNsdEJNYlUydFRCeG43U25YbnQyMFhMNmNmVFJRNU0zbTgzUzlOUzRYZVNsd19ReWhUY0hfM2NfSktMVWdYUXphX2swcVFPVERwUi1HVlFsUUtfZHllMGFEMWVYRV9sNHpsRG1KcGc4LVlWa3lhRElTLTQ0S2U1UmU1ZmJQS2cyRkFFTFY0bGg2amhNaEtRZFJDLW01cFJQSmJhNFQ2R1NR?oc=5
CMP006,NOW,ServiceNow Inc.,ServiceNow to Announce Second Quarter 2026 Financial Results on July 22 - Business Wire,"Wed, 01 Jul 2026 15:00:00 GMT",ServiceNow to Announce Second Quarter 2026 Financial Results on July 22  Business Wire,https://news.google.com/rss/articles/CBMixwFBVV95cUxQWjE1RkhkcnB0endKNXZ6MnN2LTktNUpZbldERmM3Xzg1SFpfWWpLNDltclU3dHJXSnU0Nk13akx5UEJ3TnZZNFU4WWZ2M00wanp4TnlRMUJEVXUxdlZoNGpGa1NLN1BibnBWRXhCZmJpVWR4b1U1eUtPY2pnZU00eklTbmN2Qnp1WEEtUzFUdlhENUhzTzdNc0xUMnU3QTFhb09LRGZSX1puckZEb3ppT0lYUjJrNUtib2N5WmVkWkt2RXZaYWgw?oc=5
CMP006,NOW,ServiceNow Inc.,ServiceNow (NOW) Q1 2026 Earnings Call Transcript - Fortune,"Thu, 02 Jul 2026 08:00:30 GMT",ServiceNow (NOW) Q1 2026 Earnings Call Transcript  Fortune,https://news.google.com/rss/articles/CBMiZ0FVX3lxTE56ZTI2YkhwWlBxY2dHbVRzelhPcENBeDQ1WDJhUFRVS3NwX2lyQk9kYkdWUWxmaDluZGtGX3hrcTJDbHl3TlhRY1Q3NS1ZVXlRN1A3QjFCZzlkMVJMc2IxQlFKbWtFNFE?oc=5
CMP006,NOW,ServiceNow Inc.,ServiceNow (NOW) Climbs 14% Ahead of Business Updates - Yahoo Finance,"Fri, 29 May 2026 07:00:00 GMT",ServiceNow (NOW) Climbs 14% Ahead of Business Updates  Yahoo Finance,https://news.google.com/rss/articles/CBMimwFBVV95cUxPVU9RRVNfMVQ2QlBaQ0d4MVE3ZTljNkNpek5US0NqNjdkQ21EakNJd1lnM2tYTEM3aDRtRG4wVVRtVnZhYTdZOEI3X2E4R0ZxWUhFZ0doZmhJVml5R241ZWhBQjJsRXlmTXIwNlZHT2oxbnBhemxNcFJXaEJsLXdreWxlV191S3BQMWp6N3FHMHFnaHQ0SU5TWTlrRQ?oc=5
CMP007,CSCO,Cisco Systems Inc.,"Cisco is rolling out AI agents to every single one of its 90,000 employees - Fortune","Wed, 01 Jul 2026 12:37:00 GMT","Cisco is rolling out AI agents to every single one of its 90,000 employees  Fortune",https://news.google.com/rss/articles/CBMijAFBVV95cUxNMGduRVl6TnJkcllLODNaZE5kaFFXemdPSXRSNVNCTExxNXBuRHpsWTg0NjdvX2IzbWRYSUJScUZiSU16ZFZXR09jOUgzTjdhSGUxSjRSUWlva1hiYWdiSHcwT3dYZ3pCZFMzRlQ5Y1lRS0lGekJ1cC0yVUp1d0xRWnVTYmRrZnY1V2ZZMQ?oc=5
CMP007,CSCO,Cisco Systems Inc.,The key to agentic AI adoption? The network - Cisco Newsroom,"Mon, 15 Jun 2026 07:00:00 GMT",The key to agentic AI adoption? The network  Cisco Newsroom,https://news.google.com/rss/articles/CBMiqAFBVV95cUxOcTJYXzc4dzFLamtIYjFUcDhBb3lMWWZZZUVUNjdyWnpQSFI1N0x4R2F0TEhFU2dVUUJZWDlWTkwyQnJ1NXVwazZLdzhObzBjM3E5a2E0QWQ1akplNF9VSXotYk9jWkNIbVFkc3BnblgxVG9kS2t0ai1wQUl2VXNnSW5VYy10Y041SDNlWXl5M0F0X0R1UDJ1UHVsMHdnd2hIOXhCWGV1eTM?oc=5
CMP007,CSCO,Cisco Systems Inc.,Dow Records Best 1H Performance Since 2021: 5 Top Picks for 2H 2026 - TradingView,"Thu, 02 Jul 2026 12:21:00 GMT",Dow Records Best 1H Performance Since 2021: 5 Top Picks for 2H 2026  TradingView,https://news.google.com/rss/articles/CBMivwFBVV95cUxQcmZkYlRzV1VwcmJZYmhCUzFvaHo1RWxBRzFkaFdITTZNR0U0ZzVyUEFKcDdhSEZVbkQ2alZ6SjlhVDByZlFfYlVxWGUzUlk1bEVlWUlNUnlEQXZNNWFPeU53Q29sV2V5bUh1YTI3UDRscmNFTHEzZnJsd0hMd1NYX3JSalEtcmVyeXoxUE5lZHpkYnRTbXhGbDgtR2RVOXhPOU9uWmh3Wk5kenh0cXpfVFdtazJxN2xld1dKTmZQNA?oc=5
CMP007,CSCO,Cisco Systems Inc.,"Cisco Systems, Inc. (CSCO) Is a Trending Stock: Facts to Know Before Betting on It - Yahoo Finance","Tue, 23 Jun 2026 07:00:00 GMT","Cisco Systems, Inc. (CSCO) Is a Trending Stock: Facts to Know Before Betting on It  Yahoo Finance",https://news.google.com/rss/articles/CBMinAFBVV95cUxQc3dLNkJoOHpFLVZSQWZRVGY0N0YzUTJCOVVxLXhrTDN3eGdmQTdjT1dXUjZIbS1MZUtfeXZHYWpPU2FFeTBPb3hVMXhfTHVROF9jRmNoZHQ4clVlVVhIQnFYSkk4UzRDelEyWkoyRndNLUQzRGs2VWV5dHZHcEJsaU9nTzBZMXE0d3ROaHhuMmdNUXFJNHdEZ1VlYkg?oc=5
CMP007,CSCO,Cisco Systems Inc.,Cisco Shares Dip After Company Discusses Margin ‘Headwind’ - Bloomberg.com,"Tue, 19 May 2026 07:00:00 GMT",Cisco Shares Dip After Company Discusses Margin ‘Headwind’  Bloomberg.com,https://news.google.com/rss/articles/CBMiqwFBVV95cUxNTElVMENTc3BDRERBeEFRdXQwblBydEdteTFxS2VUSWNZT09ZWWg5SzFaOGg3ZDFfdi1FekRQSGpjMU9xeTRtMFlkeWI0N3lwY3B1Zk9ZNkRrZzY5UUxfLWtXTktHSERrZkpsc0RxbUloZ3Ntc201ei11YnR2VlY0d0ZNSHpkcmJHcWN1NkY4dWFYQlhEbTBHRzZhbFFMT3k2cF80R2ZmVUVDSzg?oc=5
CMP009,PANW,Palo Alto Networks Inc.,Robert W. Baird Maintains Buy Rating on Palo Alto Networks (PANW) Stock - Insider Monkey,"Sat, 04 Jul 2026 14:31:44 GMT",Robert W. Baird Maintains Buy Rating on Palo Alto Networks (PANW) Stock  Insider Monkey,https://news.google.com/rss/articles/CBMiugFBVV95cUxPTW5rSmRHU3BRX0loNjBjNm9CbzdhdzNMYk52NHVyYjNuRzFfWUdxdGYwbHEtdmQ3M0dBR2ZNRFFYSnBWSjR1bnpjMWZuMWxPLVVnNUdESzk3N3B4SjZMRDNDb1drNFdxaVhkandkS21JaldwY2I1em5qNUdDLVdMUnJvOUZrZEZUblRtXzlFRGVrZ0VnWWtiU2F5Y2ZkR1p0LThsSy0xdGdWN1ZCQmsyRHY5Vnl4Wk9fbEHSAboBQVVfeXFMT01ua0pkR1NwUV9JaDYwYzZvQm83YXczTGJOdjR1cmIzbkcxX1lHcXRmMGxxLXZkNzNHQUdmTURRWEpwVko0dW56YzFmbjFsTy1VZzVHREs5NzdweEo2TEQzQ29XazRXcWlYZGp3ZEttSWpXcGNiNXpuajVHQy1XTFJybzlGa2RGVG5UbV85RURla2dFZ1lrYlNheWNmZEdadC04bEstMXRnVjdWQkJrMkR2OVZ5eFpPX2xB?oc=5
CMP009,PANW,Palo Alto Networks Inc.,CEO of $248 billion cybersecurity firm says workers face a ‘Darwinian moment’ thanks to AI - Fortune,"Wed, 01 Jul 2026 14:47:00 GMT",CEO of $248 billion cybersecurity firm says workers face a ‘Darwinian moment’ thanks to AI  Fortune,https://news.google.com/rss/articles/CBMi1wFBVV95cUxPcFZ1YTBTdGJSZm5sNVdsOG9DbVRuRy1vWkJMSURNOC1FR2xXVmJabEd6SnpaeGNDT2RYOVh5VEJHWTRreGNqTEptNUZ4VW41R3pWbnhSUlZjaGpnVWdxc1BNWHNyNkh3b1hxVGNNNDlaRkpkVGtEMHl5NFQ1cmh5SEFJQjZLX20zOEVDZVhZY2NqZW5uWDFQVEdwckJPbW1GWDROZ2Y5QUxySm5OMVJPa2tMX3lyaUxYb0w4Zm5tRmlBdUw1YV9xNWVSaldyUDZ5a1hsZDI1dw?oc=5
CMP009,PANW,Palo Alto Networks Inc.,"Startup sues Palo Alto Networks' Koi Security, saying an AI-hallucinated report falsely linked it to Chinese espionage - The Register","Thu, 02 Jul 2026 22:47:46 GMT","Startup sues Palo Alto Networks' Koi Security, saying an AI-hallucinated report falsely linked it to Chinese espionage  The Register",https://news.google.com/rss/articles/CBMi_gFBVV95cUxQQ2EyQVVfMHN1TkdKLTJfanZVcnBvbi1PQW1JcVFiZzdBbHNBc19hRHFRRmxnbjQtRUUyalJ5LS15eFVzOVNIcll2MGxNNC1JOG5SQ1U2a0tfaXRDTkFkdkpNalZpUUlKOXFORkM4R2xxYkY5V3VRQ3NINHpqYS00a2lTNG9yQnZ6eE9OSzJMT3k0YWFLVl9OSXVQaGoydWc5d25sazltVU90RUdwdGlhQ2FqWXN2WWhGbDJpZHNoNWU4M2F6cHNhdjgyZTNJMWl0V1M5TC1oeFBHaUZDUUhQTmgyckt0d1VnbWoxZ0x6SlVzMzV3ZlVRSGE1WEZ4UQ?oc=5
CMP009,PANW,Palo Alto Networks Inc.,Palo Alto Networks Stock Surges 85% YTD: Time to Hold or Book Profits? - TradingView,"Wed, 01 Jul 2026 15:51:00 GMT",Palo Alto Networks Stock Surges 85% YTD: Time to Hold or Book Profits?  TradingView,https://news.google.com/rss/articles/CBMiwAFBVV95cUxQSFFUSDVLVTVNN1JHT0d0YnNjQmZfMGpTaUd0R1p1VWcxVmJFMDZ1dllZMUtIMm5Wd0gxM2NrZnpQSjk1WFJ6NzR0ek0xNDZ6Q2tzVUNseE1nRzBjUTUya2dQbnFtZGpDOGNjaHNKd2Fib2h1bGluZEw1bmVlemJwUmFqMVVuZ1hBaVRSb1dyblBGeC1OTjVBMGN0bHc4TEFWWDc4aVEteHR3ZlZGbXlXSXNkWnVtNjVzVUJBXzEtMkE?oc=5
CMP009,PANW,Palo Alto Networks Inc.,Palo Alto Networks Inc Stock (PANW) Moved Up by 4.20% on Jul 1: Drivers Behind the Movement - TradingKey,"Wed, 01 Jul 2026 17:15:13 GMT",Palo Alto Networks Inc Stock (PANW) Moved Up by 4.20% on Jul 1: Drivers Behind the Movement  TradingKey,https://news.google.com/rss/articles/CBMiiwFBVV95cUxOUG1aNUkwU2tzdGx3RzktVlZ0dzc2MkRrQVM0WElXM083WUVPUEREM2QyNjExTWp1YkI1OUl4bnY1VTRxT2phOUhOakNER2hLbENsWkpiTXd3cmpTdVkzZUp5SFd2dThIaWdOUThqTmM4czJ1eWpMTzN2a1lBUEd6SnlwOEdxQS1pX1Nj?oc=5
CMP025,DDOG,Datadog Inc.,"Datadog, Inc. (DDOG) is Attracting Investor Attention: Here is What You Should Know - Yahoo Finance Singapore","Tue, 30 Jun 2026 13:00:05 GMT","Datadog, Inc. (DDOG) is Attracting Investor Attention: Here is What You Should Know  Yahoo Finance Singapore",https://news.google.com/rss/articles/CBMijgFBVV95cUxPQm1LVVRTSDhuSUlVNnc5T0gyMVQxdEpOWjU0eG15MHVhOFBfOWpVRTJ0Y19jQjdRTllIOE12YWZudjhLN1pELTZwV0dKaS0zdjc3bU04RjJ5Y2RxUlJEY1lpdFFBLXpSWm5FeE1jb1JpOFJpQWpiMkJEdEFiRzBLaU1GYVRKeWZNdEFxdzVB?oc=5
CMP025,DDOG,Datadog Inc.,"Analysts Offer Insights on Technology Companies: Tyler Technologies (TYL), Datadog (DDOG) and Apple (AAPL) - The Globe and Mail","Thu, 02 Jul 2026 11:46:00 GMT","Analysts Offer Insights on Technology Companies: Tyler Technologies (TYL), Datadog (DDOG) and Apple (AAPL)  The Globe and Mail",https://news.google.com/rss/articles/CBMikAJBVV95cUxQdi02ZWZOTnhnOXphVmVRbWJjMDNibjVZb0J4Ykk3RG1oMFBWVi1GVTc0Y3FBVHVZYVFDMV9ZQ1lLZzN2bzhXdDc1cE1HN2RUVWxkMmRRdkJtOE4wV3lST18xQUk1WmpLMDRHdUVEZTFobUg0eUREVk9ldms4ZFVQLUdUUHFYTkg2cy1odVE0QWlzRGt0WnZacUlKMVFMeXhia0pDSnRyT25BQ0llVXljeWhxc2RFSVZkUVBSSHVXTEVMQjRtZUdyckRseEctSmZlYmVOUllUcGtvUFRBeUk1NFhFWHpiOHExZ0ZiazlOMmpXdkVTMnBweTZIT0FPMW9Qc0tiTTRZdkpPX092QTBxTg?oc=5
CMP025,DDOG,Datadog Inc.,Datadog Shares Climb After Company Acquires Reinforcement Learning Startup Adaptive ML - Benzinga,"Wed, 01 Jul 2026 14:03:19 GMT",Datadog Shares Climb After Company Acquires Reinforcement Learning Startup Adaptive ML  Benzinga,https://news.google.com/rss/articles/CBMi4AFBVV95cUxPV0FabHhYNEtsVm56dlBYTkR2SXE1VFZZOTJabVBYMlpLX29ZYkNncDZ2aWVUMmpMLWJnWlNBcGVGOE5ObkwtaG9VdUZfZnZLMWthSjVCQW9ycjdxRnRBQjl0cmpWUzJHT3ZBLTJ4UDVCUG1KMmxjeXNUaUZzSFc4ZklEeUc3RlVvWTdPRzBua0dvcS10cXVpeTNoa0ZLSF9tcElWV2xHdGpPUG9zV2xVblhIX3VSSmY5SGVQQ0w3SWNJT252SGE2OGZKZUxia2c5M1paYVI1YUgyZHMwUTg1Rg?oc=5
CMP025,DDOG,Datadog Inc.,Datadog stock tracks its core cloud monitoring business - AD HOC NEWS,"Fri, 03 Jul 2026 14:35:34 GMT",Datadog stock tracks its core cloud monitoring business  AD HOC NEWS,https://news.google.com/rss/articles/CBMitAFBVV95cUxQTFJxd2Rqejdrc2JmVG5qczlWbjBiamdQQUtVREoxam45OEVBMWRHcUhuVU5ia3RiMURpdWxGdVVzbldBampwMzlOZVFtSkpySG50c3NFVEttc21hRHNlQ0ZNNjk3YXp3MGRITnR4aTNUbzZxenRfdmoyYVNRQ1BzZDlVS3BqendnM3VJNG1UTmJJZmh4MFdmeFdUUkhQYmh3OGN0bHIzdmtxWXhOLWZSV2pxV0E?oc=5
CMP025,DDOG,Datadog Inc.,Datadog Experiments Launches to Help Teams Connect Every Product Change to Business Outcomes - GlobeNewswire,"Thu, 02 Apr 2026 07:00:00 GMT",Datadog Experiments Launches to Help Teams Connect Every Product Change to Business Outcomes  GlobeNewswire,https://news.google.com/rss/articles/CBMi9wFBVV95cUxNWkRtaGxCcjJRaHRJOEFlMnRySTFaVWh5MnRObEtndUdlajNEMkJnR2NURV9jZ3hHTHYtdnAyWEdsWUJGNnRmQTBnUXVXY3Azbk0zblhMMWVRNjZzWjNVZERNX05YTkNVNTBfRUctVWt6MjdZOTBTTFBGci03dXFCdmR3bTBNTTUwR1NycktPRUdQUEp3NVhpV1FOQWRCYmhfeDBOLWFOUWdEOEM1NnpUMzBvSUFCNGs5YnIwNDJsLUpuUm1wRGRWaHhCc1JOMW9nQ0Z1MTRkRzlpZnB2WmFMNnlNVzM0aURVRTBjMjJibEFJUklYTjhZ?oc=5
CMP026,HUBS,HubSpot Inc.,HubSpot Q1 2026 slides: agentic platform drives 23% revenue growth - Investing.com,"Sat, 04 Jul 2026 11:21:38 GMT",HubSpot Q1 2026 slides: agentic platform drives 23% revenue growth  Investing.com,https://news.google.com/rss/articles/CBMivgFBVV95cUxOR0ZzX1N1UXowS0h4YldzNE15VlgyeF90WEx1eHBpQU1reDZlODRoTE9lZFBiM0hLZUxMa0tmaEFpWHhqWlFnRWFjQzdTMGlTVHRyWGJJSjBEUVdEWjdIUE5CelVLalpsbVdnSUFWZXBZRDBkUFMwZ0ZGRjZ6ZVdRN2JjOWlpZURSOWdibGV3WUgtdDFTcW8wV1ktaTRBQlgwd2dDaXZHRWxhcTZXbExzNjZ1eUxIUjFMZVM2SHR3?oc=5
CMP026,HUBS,HubSpot Inc.,HubSpot CRM Review and Pricing in 2026 - Business.com,"Wed, 24 Jun 2026 07:00:00 GMT",HubSpot CRM Review and Pricing in 2026  Business.com,https://news.google.com/rss/articles/CBMiWEFVX3lxTE5XLVpENUMtLWt6UGdGYVR2SE05ZzVwUFVOcEtBXzhWbGpUeGlmYlZiS3JZbnF6QzZlSXAwOHlabUlxU2F3c2NrTzU2Q3RLYmhDYlB4UDVFTG4?oc=5
CMP026,HUBS,HubSpot Inc.,"US$296: That's What Analysts Think HubSpot, Inc. (NYSE:HUBS) Is Worth After Its Latest Results - simplywall.st","Mon, 11 May 2026 07:00:00 GMT","US$296: That's What Analysts Think HubSpot, Inc. (NYSE:HUBS) Is Worth After Its Latest Results  simplywall.st",https://news.google.com/rss/articles/CBMiwgFBVV95cUxOUDNOVnctamJub2hsa0xSb3hNZE1BekNrYmtESkxqVy1odWtiMmZhWFEwRnVlZ09KY1hXYWxWNTg0bUZBVk1JOGVKWXVCZWZNZEZDSHVYeFBpaTVfSUk1Sk9RTjdCZHR4RG9ncFVYR09Vb1FlYk5Qc29uMEdrSnRSNWtFTlpYQ3p3MnJGazdjenV4OVJyMXRqZjJrUlFsUlU3RUFoNmo0TWpUQ3M2aXJwOERUaGhsZVR5Ymw3eVM1R2pmQdIBxwFBVV95cUxQeDR6ZHM1bWlKTFlwbnFyNDlWc1RlU0V0Tm9ob09BV1FzTXBGSTlWYnlweU1sdksyM0VJd3VFazh3ZXJxSllvUXlUeU9lRzluNXFxNE1IV05FZFp4Z0IxU0FZb3lyRVp1VVBpX3hJTVFHLWN5ajJmUEdDenFza1dLbnhhNW1OUXFRUGVQaFNoVkt0Q01wYjNSWF9idGl2QnNwdWsybnhyd29EM0lDNXBTVndrQ0IyQ3RYNHpJNElkNlpiUnB4NXM0?oc=5
CMP026,HUBS,HubSpot Inc.,"HubSpot: A Better Business, But Not Yet A Better Stock (NYSE:HUBS) - Seeking Alpha","Sat, 04 Apr 2026 07:00:00 GMT","HubSpot: A Better Business, But Not Yet A Better Stock (NYSE:HUBS)  Seeking Alpha",https://news.google.com/rss/articles/CBMimAFBVV95cUxNbjN0VndEX2xaZVpUWC1aSUZjVUhOMFdIc016WXBoVnBnWjI0Z0VCWDFUTVBYdUlsLUZ0c1Fmb1VPdGUyMXRHSkUzN1p0M2JPMGxKNlRsTnJSM2tGYXlWN3M5Z1J2QnM2eUtQdGF0aGFkaTZBWUNIbnpQcnVzZTVTZGxfZ3hDVWFTREgycnlpTWtrQmRaMnRXXw?oc=5
CMP026,HUBS,HubSpot Inc.,"Mass. is being 'lapped' by California in AI, Hubspot co-founder claims - The Business Journals","Tue, 26 May 2026 07:00:00 GMT","Mass. is being 'lapped' by California in AI, Hubspot co-founder claims  The Business Journals",https://news.google.com/rss/articles/CBMipAFBVV95cUxNQ1RJYXduejNYR3B6YTZVUEQ0cURPbXFlQzJRLTRWM2NlcXRHdFROTjIybWpmWkNHcHJ1NFNLTHkxR1YyZmJiZXRKa05nZVpYMU9ZY1FSZldZRm04czNfMkctaWgydmxuem10LXYtWFhtNWNZUzVRRFZWWGV3a3VSRmxkdzVlMWJXNzEwQlJoZmNhUTBSNTZTMTktMFd4dkwxMEhaeA?oc=5
CMP027,MDB,MongoDB Inc.,"MongoDB, Inc. Announces First Quarter Fiscal 2027 Financial Results - PR Newswire","Thu, 28 May 2026 07:00:00 GMT","MongoDB, Inc. Announces First Quarter Fiscal 2027 Financial Results  PR Newswire",https://news.google.com/rss/articles/CBMivgFBVV95cUxNZUxMN0ZZWHp0QjJDRDJnYXE4aXNTT3NNbTZRaWstV2hmTnk1R3ZEcGJmdUlyRHNINExRWnFTek5QNHdCYklqVHNqOGI5cHdEd1JRRHV0MGJ5b0pUbkNDNXpuMUdDUTlUMy15Zk8wS1pKUjQ0WExhaVRIbExGWG9ZUUpSVVhveXBGeS0zc3JlRnVoUHlhSE51RjYyVWlrSW9xcl9lQ1o5R3hibkF1X0lWaTNScEw2Zmt5WFVQTy1B?oc=5
CMP027,MDB,MongoDB Inc.,Why The AI Agentic Era Doesn’t Justify A Premium For MongoDB Stock Just Yet - Trefis,"Tue, 02 Jun 2026 07:00:00 GMT",Why The AI Agentic Era Doesn’t Justify A Premium For MongoDB Stock Just Yet  Trefis,https://news.google.com/rss/articles/CBMizwFBVV95cUxPMjc5Tld5UHpDeWlVaFpPUFI0NG91WEdYMDAwcHQ4Z1ZRNVM3SklRbG1QYmxMZmNYWGk1T2ticGp5U0VBaW9aZTc4YUpPN0RxM3BkaGw2TGt1UDFLd3ZWbGZrdDBvYkF4WHZsRmtnMXdLM2hTdzhENTIzMXktQlc4ZE01S1lzckhxb2JScnVXVV9OUml4ZXZWZEpWNldjV1o4eHhSbDNtaDd0dmd3WDJ5N1Y5OU93VllCd2pvOXo5dEpSN1lxSXZUZk1GSldXcGc?oc=5
CMP027,MDB,MongoDB Inc.,MongoDB CFO Michael J Berry sells $1.78m in company stock - Investing.com,"Wed, 17 Jun 2026 07:00:00 GMT",MongoDB CFO Michael J Berry sells $1.78m in company stock  Investing.com,https://news.google.com/rss/articles/CBMivAFBVV95cUxOZ0hOR0Jmc3ljQXdZX2NpTm5oVnFHbV94Z09wN0ZpZWQ2aEZfZklLbFQ5MnE4bGg2eU1uUFJFOVROdlBsT19BY2NzQ0kzY2ZyZTdXWjI3N0pmVVhtd1V0NjcwMjlJdE53SDV1THFXR1BvMHZiSzdVT0JrcG8xSVBNX0JMZE9mNU5EWUwzaUlMc3dKMGlJeTV3TWNybEhaTXBTU29FalRJQ1diTmhXUjFsT0NsdUd0QTl0cGNxTQ?oc=5
CMP027,MDB,MongoDB Inc.,MongoDB Inc highlights its role in modern data infrastructure as investors track long-term growth - AD HOC NEWS,"Fri, 03 Jul 2026 16:29:31 GMT",MongoDB Inc highlights its role in modern data infrastructure as investors track long-term growth  AD HOC NEWS,https://news.google.com/rss/articles/CBMizgFBVV95cUxQQlIxaEcxdFdBMTFieDhXZWhWVGE3aWxjRmRpWXFSaGFVNF93X2RYRUtfLXo5OFI3dEF0QzlEa2hYZUN3NDZOWk1BWmxzSVU5eEszcUQ1QURfY0lGN2x5YUVVWmFyN1RFUEdjWVFMTjlSaTN4SWVPVGZpY2ZERExxY1hpbkFqNkVsVTNaR3ZTVG9aZUdySmRWUlhlaVkxUFhLT0MtUW5iLTJ5UW9Vbl9mNWd6Ynd6S2pZd3BEeTJ0SDNmenZDazVzQ1l2cmdqZw?oc=5
CMP027,MDB,MongoDB Inc.,"MongoDB, Inc. Announces Date of First Quarter Fiscal 2027 Earnings Call - Morningstar","Thu, 07 May 2026 07:00:00 GMT","MongoDB, Inc. Announces Date of First Quarter Fiscal 2027 Earnings Call  Morningstar",https://news.google.com/rss/articles/CBMiygFBVV95cUxNY1ZhM0lUT2p0LWQ3T0lFNjlxOFc0bWpYYlV3RnVVb19PQy1nN3FiLVF1cUF2QklQU2pfYWJhMFNsMTkzTW4wc0EzM1FCN1MtMTNfaWlwTjBjMDQ5UVUxZHlhZmRGWnZiQWdRZFExaDNuaE9pTjVzWmdMWElVemZzb0EteWFoOE84RFJYX01nZU5aenpNcU9GaFJEeVhwdEZFbkJRQ1N0ZlhPMHNoemdGZzdpQlZNU3c0a3FpQ1J6Tm9neDZ1NmMycUpR?oc=5
CMP028,ZM,Zoom Video Communications Inc.,Zoom’s most recent quarter highlights its transition to a system-of-action company - SiliconANGLE,"Tue, 26 May 2026 07:00:00 GMT",Zoom’s most recent quarter highlights its transition to a system-of-action company  SiliconANGLE,https://news.google.com/rss/articles/CBMiowFBVV95cUxQX0h2cXRmLXhkaHRKNVE5NnR2RU01ZWE3M1d2Z0VzVTN5bDUwRlhXQ1dIV2QxNDJoay11THMybndwSTI2bmZIV3F2Vk9vcDNlVWJyQTJMOE1kOHBMb1ZaMk9uVUp5SjdqZHlsMFhQb0ExekRtbThRM3RqRFcxczZJa0ZPMGw5azEzVHhJOHlkUGxxY3o3NEJaMzZrTTB5Zkl1X1VR?oc=5
CMP028,ZM,Zoom Video Communications Inc.,"Zoom | Software, Benefits, Features, & Uses - Encyclopedia Britannica","Sun, 28 Jun 2026 05:00:00 GMT","Zoom | Software, Benefits, Features, & Uses  Encyclopedia Britannica",https://news.google.com/rss/articles/CBMiYEFVX3lxTFBVQzJieXlUYm9lakNRNWdDbGF0TW1TM2ZpQzVBcGdWZFNVNFExaUVVUExkMWZjNlpfRGxlLXRXU2lKRENOLS1oODVZS0w4cUVoODA5SFdYLWJESWNTaUNPcg?oc=5
CMP028,ZM,Zoom Video Communications Inc.,symbol__ Stock Quote Price and Forecast - CNN,"Thu, 02 Jul 2026 16:19:00 GMT",symbol__ Stock Quote Price and Forecast  CNN,https://news.google.com/rss/articles/CBMiTkFVX3lxTE9CSW1pejFxbTVlUUJjdHJvUG5aNUpqV3dsYjFSTjByM3hVWWpEdHNVRVZ4b3IyTlRzY3EzM0NuSU9rTy1tLU5QbDdsRzdsQQ?oc=5
CMP028,ZM,Zoom Video Communications Inc.,Zoom revenue climbs 5.5% as AI tools help company push beyond video meetings - The Business Journals,"Thu, 21 May 2026 07:00:00 GMT",Zoom revenue climbs 5.5% as AI tools help company push beyond video meetings  The Business Journals,https://news.google.com/rss/articles/CBMijgFBVV95cUxQeTVXWEVORF9Cdm9TVDBSNHpmR2NRWEJCQ0p0bzk4cXNFSk9fRXh4NDIzY3o4czFaOUVSMjVHeHAxV1NJMTh2ek1hREswXzlMZS1xcndmeFpac043S1V5M1VpejV2dTRNdEdUcmxZRWVkb1dFeERWam40QnhOV2FpaUFsTWpFYktoQkJxSGln?oc=5
CMP028,ZM,Zoom Video Communications Inc.,"Zoom Communications, Inc. SEC 10-K Report - TradingView","Fri, 27 Feb 2026 08:00:00 GMT","Zoom Communications, Inc. SEC 10-K Report  TradingView",https://news.google.com/rss/articles/CBMiowFBVV95cUxONjl1WE4zbVZiTHBIYU9Ddzdlb0dBTU83VWJveWdWaVBaTHpId0dtOFcyX0VPdlJ2UF9VNUdqSVBQeThmWnFpX256dEY2amM3SF9QemZ3cThvRzZOT1ZFbXhrcGI4T052RmdzMmpXbHZTS0tLdnk2Ym5WY1k1VU51ck5KVHM1ZERvN1RSLUxNZkQ0LUNtdGpZS215Z1FRekFaZzh3?oc=5
CMP031,AKAM,Akamai Technologies Inc.,"Akamai Technologies To Hold Second Quarter 2026 Investor Conference Call On Thursday, August 6, at 4:30 PM ET - Yahoo Finance Singapore","Thu, 02 Jul 2026 11:00:00 GMT","Akamai Technologies To Hold Second Quarter 2026 Investor Conference Call On Thursday, August 6, at 4:30 PM ET  Yahoo Finance Singapore",https://news.google.com/rss/articles/CBMikgFBVV95cUxQU2JYdTdLaEFEeHJkRUFKbVk2S0R0QzF2WHd3LXd0cHMyNDFZVkFDMlpranpnRjZSRjBzSU0yeTU4UVBvNUp6MEJBcnEySDdTWnZPenVuUVVUanRpeW9FWm1UalBJYVBrSjJCMkxlMjJvSVRpQW1UTDc0RU5nOUxPSzVnNlh1ZkpmcG9SWkV1LU1rQQ?oc=5
CMP031,AKAM,Akamai Technologies Inc.,symbol__ Stock Quote Price and Forecast - CNN,"Thu, 02 Jul 2026 18:02:14 GMT",symbol__ Stock Quote Price and Forecast  CNN,https://news.google.com/rss/articles/CBMiUEFVX3lxTFB2cm1IdmJ0ai02RkROQ3JwcFo2alFzeGxrSlBtVGhUaUZYSkVrSzQ4bXNGa1VwWGg5NFZyUkpaQ0RHVnN6dG9xRThuckpubUxQ?oc=5
CMP031,AKAM,Akamai Technologies Inc.,Akamai's cloud business undervalued in light of $1.8B Anthropic deal: Oppenheimer - Seeking Alpha,"Tue, 30 Jun 2026 16:43:49 GMT",Akamai's cloud business undervalued in light of $1.8B Anthropic deal: Oppenheimer  Seeking Alpha,https://news.google.com/rss/articles/CBMitwFBVV95cUxOaGJBLWZHNWJ1TjVRMHJGaUJQcG92TTNya0tnNzdaMDhMd0hqTm1CV2pPMDh4eUgyQ3dLWDAwMTk1WkM4bUttT0hzSjA1VEZkT1ZPbkZaUzVDbVJlYy1MWWtTZ3c2S0trWC1yTzNRVTQwbjljYmZqa25XOHNETDI2MnVIWmtlQ1owUXJyZnM1SUpkQWphU2ZhYTJlR0NHRzN6ZU9wYjQ3bk0tUGFqWVBzVVE2RDRFUHc?oc=5
CMP031,AKAM,Akamai Technologies Inc.,Akamai Completes Acquisition of Secure Enterprise Browser Provider LayerX - The Globe and Mail,"Thu, 02 Jul 2026 13:18:31 GMT",Akamai Completes Acquisition of Secure Enterprise Browser Provider LayerX  The Globe and Mail,https://news.google.com/rss/articles/CBMi8AFBVV95cUxNdk9LdHVDSDlqUFQ3S2NHYTJuRFlyd3RFQS1LZ04wRG1tUzktMnQyYVAzSUpjazhRNl8zYm11V3ptT0lJOF9ZcTFuUFgxVDNrZ2xyVEx4U0Y2MHdNemFEbS1mQU1UWlB6eEZIRWxTWWNNSlZaTHN3TjR4V2NXTzI0UTRwR3ZKUjVveTJmemVSeEpEbVBfQmlXME85Z09LTFJhejNWT0lEWW81R0l3THNxcVJJc0h6RDhqTTFIQzdvb2NlOERubGxWU2pNU3JUajduOC05blFsUlBPTHZDRFA4MG5JalkxaDdKNEh4V2R2eE4?oc=5
CMP031,AKAM,Akamai Technologies Inc.,Akamai Technologies stock holds its ground after a thin news day. The US cloud security name stays i - AD HOC NEWS,"Fri, 03 Jul 2026 14:05:43 GMT",Akamai Technologies stock holds its ground after a thin news day. The US cloud security name stays i  AD HOC NEWS,https://news.google.com/rss/articles/CBMiygFBVV95cUxNQnRrS3NaLUpyTWVBNzRMbnA3X1E0UXhKVXFlSk1IN1JqdEJjYjBNUmdhVkkzU2N3XzRjd19sb01pTEszQUE5YUtqMWJEUjhSandGOC1ycHR2am5GU0pfQTFsQVJ4bjRVbUpJdWxDbHo0b3MwNTNFX2ZSX0dubk91YjA5ckc0dFVQcUJvd3FwN0k2dlZXeEJGT2loZDlWTkgxZkJxVUJ4b25RQXVxMGpib0ZDS1JfVGVFRnBXSkFhYUNWZlVpQnYtVU1n?oc=5
CMP032,PATH,UiPath Inc.,UiPath: Overlooked Company With Visible Automation Tailwinds (NYSE:PATH) - Seeking Alpha,"Wed, 10 Jun 2026 07:00:00 GMT",UiPath: Overlooked Company With Visible Automation Tailwinds (NYSE:PATH)  Seeking Alpha,https://news.google.com/rss/articles/CBMiogFBVV95cUxQbGdHdHdHVEdMWUZ6Ql9GTWV6bnBwWVE1WDE0V1lEUmlkcC16aUkweUNrNVNHWS1IRWM3UjJaQkdBNnFZTE1Ba01zRU0yS1pQd3dtMGdianhQR1kzTUlGTjB2MTBtOGtHbWVDR2gwS2wxQlRuTVlyTDd4V2t6V3hiSGp4T3p5cjYtNWpoYTNBQWJiWWNMQm9BTjI5T05raXVOUGc?oc=5
CMP032,PATH,UiPath Inc.,"UiPath, Inc. (PATH) is Attracting Investor Attention: Here is What You Should Know - Yahoo Finance","Fri, 12 Jun 2026 07:00:00 GMT","UiPath, Inc. (PATH) is Attracting Investor Attention: Here is What You Should Know  Yahoo Finance",https://news.google.com/rss/articles/CBMiogFBVV95cUxORGdaSzlXbGhKZEVVRlVPUndKU1VCNTFEMTdibHBCUnZ0SFh0WUtfMmotTFZMY2lNb21VbnhVUG4tMnhCUlcwS09vLXF4b1VYT0w1U3FPR1FTMVJvdG03aENlTm1Yc3pESHBISjdlZ05CeGpyNW1rOUdqMG5NSkkwQzRNeWpxeEV3MnVlWHNra2EwRkliQWZ1OWZUdXJ2OG8tYXc?oc=5
CMP032,PATH,UiPath Inc.,UiPath Reports First Quarter Fiscal 2027 Financial Results - Business Wire,"Thu, 28 May 2026 07:00:00 GMT",UiPath Reports First Quarter Fiscal 2027 Financial Results  Business Wire,https://news.google.com/rss/articles/CBMitgFBVV95cUxPejJJbTg3UVlKZ2lNZU4tRkEwRlBnUURob0tvWkpiVHN1bTNJTl9SaTRCcnFZN0RoanVJV1FZMnN2TGZjS2N6RFZ3VHhnUWNMY1V0aVVWREtsSDVQZ3hBQ19MMElMcFU0alRKUVROZERCT2IwLXZRVXBla3hCbGZsU0tOUGdrSjlsd0ZCV0o5ZFJQWWl0N2J2WnloNFJTRjNCNE1UdnBvbXdvUGlTZXdWa05SSW00Zw?oc=5
CMP032,PATH,UiPath Inc.,UiPath Reports Fourth Quarter and Full Year Fiscal 2026 Financial Results - UiPath,"Wed, 11 Mar 2026 07:00:00 GMT",UiPath Reports Fourth Quarter and Full Year Fiscal 2026 Financial Results  UiPath,https://news.google.com/rss/articles/CBMisAFBVV95cUxQTnVQdVJnSDFwTlN6ckdhdDB5UkVHdlZGSDVLSkNyd24tX25NOUlfMm5OQm8tU2VEMGZHdEpZb0d6b0R6NDY2cmJELURMNFhkVTk0SWJGX1FWMXFEcjJ6UG1kWkdMN19DdjBMdEdGVlo1MXRvMzVCZy1sSGw5cVROSmowNFdNOHRQNmtWZ2RobnRETnBOaEFPYmpULVFEc09EQm9PQzZBaDR5Mmk2Q2t4VA?oc=5
CMP032,PATH,UiPath Inc.,"Agentic AI success helps UiPath swing to a profit, but investors weren’t impressed - SiliconANGLE","Thu, 28 May 2026 07:00:00 GMT","Agentic AI success helps UiPath swing to a profit, but investors weren’t impressed  SiliconANGLE",https://news.google.com/rss/articles/CBMirAFBVV95cUxOc2lXZXNFUURBWTlOZExXRDhpSEtDYTZUVWFwSEtJT2ttYjVfcFdzaFNBeXJCVjVFRFRqU1ktZkZybUNJOFpSWk1ubWtSUjB2WDVhT3hJY05sd1RfRWNPZXByeFFZWVlac2V2bVlxNm9IeGUzdHF1QW0wekNOeVlGb0JNc05kSEFFVHBmQXk3cDBLMkhPaGNVOTZPdFNrS015c1pCRExfN2F4VFo5?oc=5
CMP033,PD,PagerDuty Inc.,PagerDuty Appoints Eric Prengel as Chief Financial Officer - Business Wire,"Mon, 22 Jun 2026 07:00:00 GMT",PagerDuty Appoints Eric Prengel as Chief Financial Officer  Business Wire,https://news.google.com/rss/articles/CBMitgFBVV95cUxNMTk3a1BBLUllcWNoTnFJc0VyTlV3eXNoaXVHSkp1TGd6WlNNVjl3X1RBdGswb3NLclZndkJweEhQTlpFc3VUNzE2ZWhzTkhhUkwzb05GRkUtbG00dTNUYXBQbEZhWkQtQWF3VzV5NDBTdkFUM2R6M3dEd2g4MkVIV3FjQzJQSWU3RmRFaHJfRGVmWUN1S3BzRExPWUdlcmxUNUxvaUMtSVBVTkpIMzJpXzU0WXNoUQ?oc=5
CMP033,PD,PagerDuty Inc.,"PagerDuty: Challenging Business, But Possible M&A Target Optionality - Seeking Alpha","Mon, 26 Jan 2026 08:00:00 GMT","PagerDuty: Challenging Business, But Possible M&A Target Optionality  Seeking Alpha",https://news.google.com/rss/articles/CBMipAFBVV95cUxQU1lwRmxPaUlVaDBKYTFkVWtmeGlPSmtNZG9ORjRFS3RyRm94RFV2ODZYdWdfQkdhTzJFZUFNdXExa3hMQ1lDS2V4TkVmYlZyNGhLbVcwYmM5VnZYS0duM0l2X2gwd0JuMkFJOVo0bXNia2ZYanFJQTFuYnR5RDEzUEVhREV2Q21hRW5UV0VVV1hBTXdvUFJJTXRvdVJ0emlhMjQ5Nw?oc=5
CMP033,PD,PagerDuty Inc.,PagerDuty Inc (NYSE:PD) Stock Plummets on Revenue Miss and Cautious Guidance Despite Profitability Milestone - ChartMill,"Thu, 12 Mar 2026 07:00:00 GMT",PagerDuty Inc (NYSE:PD) Stock Plummets on Revenue Miss and Cautious Guidance Despite Profitability Milestone  ChartMill,https://news.google.com/rss/articles/CBMi6wFBVV95cUxNbWI0NHozWGZWRnA4Q1F0ZWd2VlBXZFRkSW9QZ09YdHlEbTFQQW1PamdOVGpZZGs3Qk9TLWJqdmVnb1dsWVJ3cWJpTC1TeTdVVlBuRWdQU0s2SU5namlGVkszekNycDZQVl92QWpNeFd1Mmt1cnpPWHI1ZVN3b2laajVQRDlvNkJhNVhHQzJCSFlHSVRkSVlCTnk3eThJV0RTbm52cmt2WlF5VFQ5aFVHU2ljUGtOYkd4NHdVdllTMm0xNjRLSWRoZ1J3cWFoUkVKd3AyUi1wbWx1SWhQZ0tXN1FWN1JtbU9GQjZ3?oc=5
CMP033,PD,PagerDuty Inc.,PagerDuty Report Finds Two-Thirds (66%) of Office Professionals Have Used Unauthorized AI Tools at Work - Morningstar,"Thu, 11 Jun 2026 07:00:00 GMT",PagerDuty Report Finds Two-Thirds (66%) of Office Professionals Have Used Unauthorized AI Tools at Work  Morningstar,https://news.google.com/rss/articles/CBMi9AFBVV95cUxQVVZXVU1xWV9WdTBGQlk3emtndldJcWtpMFRjMmtQNjNaOHhkNGJDVDBuR2l1NTNfc1pvdUxPRVpoRjlEV21fUVZmYkFEVDRWcWprU1JpYmNGOVRzOFZYeE0zTmUtTmJuVEotWks5RTFvUWFMWkZNanJLQkFJak5KdjBQS21TV0Q1TGFiVHQ3dWJvS0gzQUxwMXpld0xoQlN2ZGJaSXF4amJNeHhCSjRrN3lGWFdfUGo2dTV1YjVZSnhFdjUwZ3JpRGMtSlRJeHdtRFh0SFQ5ZnVHbU1HWnFyNlI0c1YxTnZjcFh6cEpaWkNCNFE5?oc=5
CMP033,PD,PagerDuty Inc.,"PagerDuty and Wix Shares Plummet, What You Need To Know - TradingView","Fri, 10 Apr 2026 07:00:00 GMT","PagerDuty and Wix Shares Plummet, What You Need To Know  TradingView",https://news.google.com/rss/articles/CBMitgFBVV95cUxNSlNfenlWSmdUMnZjbkkwdzEycGQ0MXpwaU9fbVhjZnljem5ZVEt1T0xPMXN3Yjl3d3IzSUZQV0kwMFF4Um04a0g2aEZkMWJBQlF4ZmJYRldVMnZfU3duMTJ2aXNWOFRyTmlHQ1F4QTZuVmRUR2RZQ2x1Z1F2cDVXOGNOeHlPWGNEQTBQdzI5eFdzMms3cHNydHliOEtpeE13SXdhbmtjOGpxenN4QldxRFFKR3BOdw?oc=5
CMP034,DOMO,Domo Inc.,How Domo Went From a $2.8 Billion Darling to Fighting for Its Survival - Business Insider,"Sat, 27 Jun 2026 15:16:00 GMT",How Domo Went From a $2.8 Billion Darling to Fighting for Its Survival  Business Insider,https://news.google.com/rss/articles/CBMijAFBVV95cUxPLTJ5Yi0wWFlPWEFYRzRmczhCZktrbS1KZnFBY0stb09oMVpVRWRvUVB6djRhb29QWXcya0xaQ2poNHZIX1hRdjVfOE50bE42WjZ3ZTg1VXNyR0JxNHExM2pFdUtGN3dwVVBjVnFXaUlTcXhxRzhQRHBWV3VQMlBfLWxkZmZhZDBaejZrQQ?oc=5
CMP034,DOMO,Domo Inc.,"Domo: With Demand Fading Sharply, Don't Count On A Deal To Save This Company (NASDAQ:DOMO) - Seeking Alpha","Mon, 15 Jun 2026 07:00:00 GMT","Domo: With Demand Fading Sharply, Don't Count On A Deal To Save This Company (NASDAQ:DOMO)  Seeking Alpha",https://news.google.com/rss/articles/CBMingFBVV95cUxOMjFSQU8xS2pfamJnRDA0XzJOc2F6UTJjdGI1MWdwaFJPX3IwSmxMQVVZNExiQmxIaUxCU1lrb0cyc3p5QVQyZU1BQzN6cXA2QUVBWUxHWXZTdXhWRTJBRHM2S0c3aElua3l6czdHdXlqZjNCVGpCZHhBSGl1QkpvTWQxb29COVdMUlJldVZBTFc1SUk1TDVfdFp2eksydw?oc=5
CMP034,DOMO,Domo Inc.,Domo Announces First Quarter Fiscal 2027 Financial Results and Provides Strategic Alternatives Process Update - Business Wire,"Mon, 15 Jun 2026 07:00:00 GMT",Domo Announces First Quarter Fiscal 2027 Financial Results and Provides Strategic Alternatives Process Update  Business Wire,https://news.google.com/rss/articles/CBMi-gFBVV95cUxONUVtZm1LV2hCRnJlRENraGtTdVNoYXhHTFMwc0lJNEJEalQ1VTlzQk5TX0VtWmJRNjhqTWJ4WUNEb09LUzhGOUdCVHVqb3ZwRF9ndGxLbGphb1ZOVWEwendQREh4Z09sOHlZSHFUWmJMY3YzNW1iM0Q2Y1ZXbWhtTDF6Q2xIRnYtOTdEc0JPbk1tb2VOQnZNMHpXTDVEV212MWZwOHlPWE5CdDZONkNxU3VYUXlXWDlhdDRDcE1rWklPVjk3SFpYU2N1M0NZaFhSU0dnaU1jXzR6a3ZidzZadDFuZ1FBOFZEdHlXV3ZhNHJCRjZmaUdyVHp3?oc=5
CMP034,DOMO,Domo Inc.,Domo shares rally 30% as earnings beat expectations despite modest revenue growth - SiliconANGLE,"Tue, 10 Mar 2026 07:00:00 GMT",Domo shares rally 30% as earnings beat expectations despite modest revenue growth  SiliconANGLE,https://news.google.com/rss/articles/CBMitAFBVV95cUxQVGw1QUl4Rmw1Q2w4Um9tcmJpa0RBQXYwVUl5blpzQjVQN1lVaWY3SjV2X0tLNzQ5Ulc2OE1aZHhZM1ZEckFib1MyYVNDQ2lqRTU5VTFxSGU4amhkYlBwWXZLZ0dqbXMxSUJZSFVmeTFndDc1MEtaYjVJck5SYzd0N1BROHNWbGRkenBtVjNraWZTX1JYbTZkbXBLelpuY0VqQTdqLVpWUFZabHVmeUpkQkM1QjU?oc=5
CMP034,DOMO,Domo Inc.,How The Domo (DOMO) Story Is Shifting Toward Lower Growth And Takeout-Focused Valuations - Yahoo Finance,"Sun, 05 Apr 2026 07:00:00 GMT",How The Domo (DOMO) Story Is Shifting Toward Lower Growth And Takeout-Focused Valuations  Yahoo Finance,https://news.google.com/rss/articles/CBMigwFBVV95cUxOeVJHQURweTJZam9PZExMUFVRSkZMcDlTcE5pb1hPU292b1c5MVZSMDJGZjF0U0RrV1NYNFZrWTdjUVVXZHNkcUx4eXRMMExuMG9RbFRHb1VsUy1nU2VZWU96VWVzLVVMdmtsZnZzVXJiRWVWRm9nNEo0cUd2OXpPUWxDTQ?oc=5
CMP035,AI,C3.ai Inc.,"Investors Heavily Search C3.ai, Inc. (AI): Here is What You Need to Know - Yahoo Finance","Tue, 30 Jun 2026 13:00:07 GMT","Investors Heavily Search C3.ai, Inc. (AI): Here is What You Need to Know  Yahoo Finance",https://news.google.com/rss/articles/CBMimwFBVV95cUxQMnZhcGhYcENWaFcyUlJOQVZOb0J4djlXbkE2WUFYNHc3UEhnX2x4Y2FvOVZXNjEwT3ZYZFcyaWJfTV9TaDJ1a3REYWF2MW5qM0V4S3dQd0o3V3hzeHBjeUtlWGpLSUFIQm91Y2RYbGlJS0RQOElzd1JpRzBwek1lNVc1TmZsWUIyUVMwd2tkT3JkR0Jjb0ViY2liMA?oc=5
CMP035,AI,C3.ai Inc.,C3 AI Announces Preliminary Fourth Quarter and Full Fiscal Year 2026 Results; Thomas M. Siebel Resumes Role of Chief Executive Officer - C3 AI,"Tue, 12 May 2026 07:00:00 GMT",C3 AI Announces Preliminary Fourth Quarter and Full Fiscal Year 2026 Results; Thomas M. Siebel Resumes Role of Chief Executive Officer  C3 AI,https://news.google.com/rss/articles/CBMi4AFBVV95cUxOeUlSZ3JCWi1DVWM0U0FkSGRqbVlvczhnXzRvb3JDSkV2U29RamJtV3JBRGlQRHBSaVctQjlQUklZNURNTmpIQmgwZHJaMi1QckRxVHdyci1lcHBHU1B0VVRGWnFqRTdaUEtGN01sYlJyZHROVVA3eEs3cVBWSmljS2ZTd2YwRjNDVVZjT1BfQWtPMjRpWWNTQXBRYWNtZXlLRkhKQ2dVbW41LWhheUhRbFV6NFk0cXJXOVBhLWM3T3ZER3Z1UG5nUk5Ocmd1b1ktXzI1VXEzUU9KN1Y5ekMzdA?oc=5
CMP035,AI,C3.ai Inc.,SoundHound AI vs. C3.ai: Which AI Stock Is the Better Buy Now? - TradingView,"Fri, 26 Jun 2026 07:00:00 GMT",SoundHound AI vs. C3.ai: Which AI Stock Is the Better Buy Now?  TradingView,https://news.google.com/rss/articles/CBMitgFBVV95cUxPR0R5QjNCTzFkeG04NzVvUy1WRTJ5c3NMT3p3d2dId2FPdnBJclJGUVdhUDRvV1FkQ255dEdQRDNuNGZ5VTJHUHZ2WVB0cEIzVkpuWU5jT1RoVGtSWnlMb0pNX3ZMU2JsdlNGVV92MndoZ1haVmM4T2ZMR1JyRzRrVF9IMXh1aHlRS3psOXhIbjRSUGVoVkYxQ2laUWJOWHpvTEVralJmWHFyNnFMU05WY2kwUzJ2UQ?oc=5
CMP035,AI,C3.ai Inc.,C3.ai (NYSE: AI) posts $470.4M loss and expands agentic AI strategy - Stock Titan,"Tue, 23 Jun 2026 23:27:56 GMT",C3.ai (NYSE: AI) posts $470.4M loss and expands agentic AI strategy  Stock Titan,https://news.google.com/rss/articles/CBMimgFBVV95cUxORWJGemdHdWo4a1RJQTFDcG5OQjFwaDNkaFlRMW40QXo3aW5kRFZFRlktQUdsd2lfTWdMbGo2a1h1S1lKemZyVWZyVzdFTjRNYUxtem9Mbkh1OXZJRExHSGUzaC1tcmZNRnZseXpwYk91TlVHa0FPTHNVUmg3b2R1WklKem9fNkR2M1ViZ05yWTZpTjk5QTBPUlVB?oc=5
CMP035,AI,C3.ai Inc.,C3 AI Announces Fiscal Fourth Quarter and Full Fiscal Year 2026 Results - Business Wire,"Wed, 03 Jun 2026 07:00:00 GMT",C3 AI Announces Fiscal Fourth Quarter and Full Fiscal Year 2026 Results  Business Wire,https://news.google.com/rss/articles/CBMixwFBVV95cUxQSE9zcEJXbjZ1SW9neEpHU0FRT1MyaXNaYTl0SFFmTG9aSVRrSXhTeEF0YkNJWlk0bjZUWFZrRGstaGFfdDJsMG9MMzgtbzA2Ti1Bek5JeUhaMFVOYk1yRlEwY2JnRGJPYTNGa3JIQnV0bTJSUnEtMjlxNjRHVjFyNTktTWVic2FTTUtVaFZXRkg0QkJuanplS05KNlNnb2ZtTmxkZUp4WXRhc0pvb0drdk9FZFRFZzJraVRNOWkwWTRieDg3NW9r?oc=5
CMP036,BRZE,Braze Inc.,Braze Delivers Fourth Straight Quarter of Organic Revenue Growth Acceleration - Business Wire,"Wed, 27 May 2026 07:00:00 GMT",Braze Delivers Fourth Straight Quarter of Organic Revenue Growth Acceleration  Business Wire,https://news.google.com/rss/articles/CBMizwFBVV95cUxPY2FmVldDYVp6bzRWVVptaWtvWHAycms0djFLM3R6LTVwWmFxcU9uV3VlQkZUUDEtYmRuUl9mOFdTazlpRDJ5MHJ0aGNWckNlT3k1TUVOUjJvS2MzZ0xjWkVVOUNMdGNOZVg1UHpPY1dqdExKNU5FeVExcjJEdDlNVTdaYjdpZktnTlFKWlNCVDZmSGJOZXBnMDFKSk81QXR2UG82WGp3czZHVWRGUTFRVDRsYXNiSTlYbnUxXzNBVGQwZldxbThlanlDYkw0bFk?oc=5
CMP036,BRZE,Braze Inc.,"Braze, Inc. 1Q 2027: Revenue $211M, EPS ($0.24) — 10-Q Summary - TradingView","Thu, 28 May 2026 07:00:00 GMT","Braze, Inc. 1Q 2027: Revenue $211M, EPS ($0.24) — 10-Q Summary  TradingView",https://news.google.com/rss/articles/CBMitAFBVV95cUxPbElKakNGQXVQaXpWRzBoWnhzYWZnVFZicFBURV9WYTZBaXlIM0R2c1lIcFBvY1lWZGdzRlpITnR6QlJJYlJiLXNmXzRwdGxnVEE2bWFPM29kNUFjdjlZbEc1Y0dnYUE5S254eFp0UUpGUjBNYmYxd3ZTMnpjYkQ3ZGVuRE5KMmJuV3pMUk82bTZWSjZHVk1RaHZlZ2swbjRZOEJQNGpFOHNEdWNaVU9nZGhGQWY?oc=5
CMP036,BRZE,Braze Inc.,Braze Inc stock hits 52-week low at $23.85 amid challenging year - Investing.com,"Fri, 16 Jan 2026 08:00:00 GMT",Braze Inc stock hits 52-week low at $23.85 amid challenging year  Investing.com,https://news.google.com/rss/articles/CBMiugFBVV95cUxQeHR5dkZVMFVZNVlOSXl5MlhDZUhUYmh3VERDeWVFOFpCUFA3VnhIMFdFNDNGZGt4YVpYSndWazV1WFJMT3dzOV9PSVBXb293VTJQd20yZGppM3hEX2FJSmNsd3NFUVNudENMUlFqVl8xZEI0UGV0VWw0dGx6NEEzbml0MlpBQzVVbkRFeklVQnQtNm9IMTFxNjJJQng4TmFyb0tUQlBSWXRyNzFIb2pwcVdiekNkQ3l4U0E?oc=5
CMP036,BRZE,Braze Inc.,Braze: The Rebound Is Just Beginning As Revenue Accelerates (BRZE) - Seeking Alpha,"Tue, 23 Dec 2025 08:00:00 GMT",Braze: The Rebound Is Just Beginning As Revenue Accelerates (BRZE)  Seeking Alpha,https://news.google.com/rss/articles/CBMioAFBVV95cUxQbEkxUzNCZTVSM2hhOGZDdHJPOS1HVFktTkJlWkdKVHJSdFhSOF9NYkJNWG9ZNVVvbERiWVkzb18tMDdJLTdab3EwM2lLNGhCdDI2VnNNUGp2eUkxZFRMZ0tZdkR0MUJ3VThNbTdicjMwMGJyQkFOVXFKcVNYQkxudkllNWNUTXB6NUpiVFNQb2ZYQm1aYkV2Sm9TZGUwQUpQ?oc=5
CMP036,BRZE,Braze Inc.,"Paycom, AppLovin, Braze, Salesforce, and Elastic Shares Plummet, What You Need To Know - Finviz","Tue, 17 Feb 2026 08:00:00 GMT","Paycom, AppLovin, Braze, Salesforce, and Elastic Shares Plummet, What You Need To Know  Finviz",https://news.google.com/rss/articles/CBMisgFBVV95cUxOa1Y5R19XZjVNT3dhQlNfWUpCVHZwaFY1Nktrb2NLODg5NzRySjF2d3dtcjVWNThDZ1plekc3MTJfV2w4a0dsSVFmVEoxVWdHLVFBWENxT05WZkdDNVh6NURLcXBBTWJHdncwQXNIamI3VlYzUW1DX0dXb2JPLWJlZmw2Yy1XMTlWdVV6c2NhZE5BX1RfcjcyYXo4SmtsM3FwU3BsVUxRbkpDVXI5Q3ZGaHdn?oc=5
CMP038,QLYS,Qualys Inc.,"A Qualys Director Sold Company Shares Worth $104,000. Here's What That Means for Investors. - Yahoo Finance","Tue, 16 Jun 2026 07:00:00 GMT","A Qualys Director Sold Company Shares Worth $104,000. Here's What That Means for Investors.  Yahoo Finance",https://news.google.com/rss/articles/CBMiogFBVV95cUxQLWZVaDBQbXlZbVVUN1hxVkctSjRjWkxkTnl5ajJRbXRUM19sUE9qSGh1SVhHWG1OQnd2bXFFRHJPSWxMc3daQmkwenAxVGhYTF9fNXFYYzlqdG9nVE9YbTBCcFJFYXFLXzE5Z19BYjBQa2hPTEF2Zk9meUVWLXFRNmFJanN2bldIZnB0LUlyaWtYLXY0ZEZJWDJjRnptbHpvTWc?oc=5
CMP038,QLYS,Qualys Inc.,"Qualys, Inc. (NASDAQ:QLYS) Given Average Rating of ""Hold"" by Brokerages - MarketBeat","Mon, 29 Jun 2026 06:45:58 GMT","Qualys, Inc. (NASDAQ:QLYS) Given Average Rating of ""Hold"" by Brokerages  MarketBeat",https://news.google.com/rss/articles/CBMiugFBVV95cUxQYWpqZmhpWXRDb0h1MVgzbm9mc2dRUk5zMC1jVnd6ZXJVc3ZqUllHdTllVS1McUZvUnA1Rm9XUlRoQ2RtS2o5angxc0UzSnZLMHJ6bXFxLWVKbHBfSWpkYXhtQnBpXzFuT2F5aWF2d2Zqcm1iVkxCNVh2Zzk1OUpzdnJIV0V1WGtnODB1MTltWDQ2WjRTMW5JS1NoaFBYOWZQM0Q2VDUzUkt5MVZRYjBBNzJJWEJtMGgzVmc?oc=5
CMP038,QLYS,Qualys Inc.,Qualys Inc. (NASDAQ:QLYS) Passes Peter Lynch GARP Screen as a Compelling Investment Opportunity - ChartMill,"Mon, 08 Jun 2026 07:00:00 GMT",Qualys Inc. (NASDAQ:QLYS) Passes Peter Lynch GARP Screen as a Compelling Investment Opportunity  ChartMill,https://news.google.com/rss/articles/CBMi2wFBVV95cUxQSWw1bHJCN2Q3cjlvRFAta1BjUVQtR213bFJ0amhDOXFyR0tlaGFTM29lQ1RsdHBQNldqT1p3MUtaOGVuYkJjZkl1cmJiWTRXcUNMSkNmLWg1YjZ6TFd6OHJHY01uVVM0OE9SU0c2Y1A4eF8waElCMzRNT2RZTmN5UlI4NjRQdnhHR2pMaGczTnQzNk94STJpSmxlM0R2RDdXenhlRGNNdU5LclhpaDZzT09oSUlpQ2ZpLXdRQmdVRjc5NmNwanNJc3lwcXBld1Z0aTB1UEh5cHV6Rms?oc=5
CMP038,QLYS,Qualys Inc.,Qualys Q1 2026 slides: TruRisk platform drives 3x spend expansion - Investing.com,"Tue, 05 May 2026 07:00:00 GMT",Qualys Q1 2026 slides: TruRisk platform drives 3x spend expansion  Investing.com,https://news.google.com/rss/articles/CBMivgFBVV95cUxPam1peDdkS0dWbXo0MENFYUVKLWdpQVY5d3J1YUZtazh1OHFhOXNJSWtnVXZUaXZJSzczSDJWZ1hLT1hWZXN0enRobDR1M0lLTkdiVVBUc0ZnNnlsZ3U1Qjl2ZGg2WVM1QWNaQVpSeXRyZHJYdFJlQVBIZ0Z4S1MtbGMzZVdBbkJKUWlGTHhybUV5QmR6Mlc5NWJJUERZQzUtcV9OelVXTmh3enROUkZMYkVOVkd1VTV5MXk0SW93?oc=5
CMP038,QLYS,Qualys Inc.,Qualys Gears Up to Report Q4 Earnings: What to Expect From the Stock? - TradingView,"Mon, 02 Feb 2026 08:00:00 GMT",Qualys Gears Up to Report Q4 Earnings: What to Expect From the Stock?  TradingView,https://news.google.com/rss/articles/CBMiwAFBVV95cUxQTDFfbnIxSFZhZWxtTlllVnBuZTVneXY2M0VWQ1cycnAtRDlYbWtzZ2VRejg5dTgyeXl5RjJkT1JoQ1pkQVN3a2UtSmdVOXQ1Sk1HZmNmckVqZzdja1VEcjUtQzNnbHZ3RjNRVW05R2NvQnhQLTFVRFdwTkhBSXd2VjdKYTlRMjZQc3JQQzFWYllxaFBIdVhFWlpBbWRpbmJEbE5tSl80dWRtSVhxSG5XcFduUzNqdG1MaDdndWRwUDU?oc=5
CMP039,RPD,Rapid7 Inc.,"Press Release: Rapid7 Acquires Kenzo Security to Accelerate Preemptive, AI-Powered Security Operations - Rapid7","Thu, 26 Mar 2026 21:30:11 GMT","Press Release: Rapid7 Acquires Kenzo Security to Accelerate Preemptive, AI-Powered Security Operations  Rapid7",https://news.google.com/rss/articles/CBMiywFBVV95cUxQMFRKTWJvVnhXS1pOaXp5a3c5QzZqeUtUVnpGbmd5Q0hfdmNKY3FHaXNsTWM1dkh1QzUydV9rVW40MkRSOGprVGx5UTIzUXp4RVBfM25LSU12X2ZleUZEY2ZoSDF2cGQ3U3JTSFNGNWwyTFI5a28zYVRkcHNiWTVVSENpWTFtS3hCUUpHV1A2aG4wRUxxeHBjQmsxdUp6VDg2U2pJa0U3d1ViSlBtRXJLbEczQnVvcmxDYXFXcldDejMzdGxBYmNVN0VBVQ?oc=5
CMP039,RPD,Rapid7 Inc.,"After settling with activist investor, Rapid7 gets a new CEO - The Business Journals","Mon, 01 Jun 2026 07:00:00 GMT","After settling with activist investor, Rapid7 gets a new CEO  The Business Journals",https://news.google.com/rss/articles/CBMijgFBVV95cUxOOENwdk9ZTzd6Z0tZS1Rza2NkTFVxVlNFTFJjeGdGRVhSV05TSTRBc1dURm9FZzRLOGJ0QU4zbEVqOU45SGREZGE3VzdxQlNHTnB2OUlobG9jaUpUVFRtRFV1cS11cHV4a2tkZUVFSHJmVlJaeEsxUGVTMFdvSzFyWjk0cmNqVTFfbWZBUndB?oc=5
CMP039,RPD,Rapid7 Inc.,"Why We're Not Concerned Yet About Rapid7, Inc.'s (NASDAQ:RPD) 25% Share Price Plunge - simplywall.st","Wed, 04 Feb 2026 08:00:00 GMT","Why We're Not Concerned Yet About Rapid7, Inc.'s (NASDAQ:RPD) 25% Share Price Plunge  simplywall.st",https://news.google.com/rss/articles/CBMiwgFBVV95cUxNY05WZVV4czhkR1ZBVEU4NDJ0NTRxZ01WSHIwVTNJVU1PNk51ZzBRV0FZNlBWNU5BNjZNWTFmLXJLcHpTUlBPNVdaYXM3b1F4ZVFoX2g2NEpMOENKblh3OEtKRmNLNzVCclBXS3VBTDVBQnNRQm1fVFFoaDhqNVNCU0JteVFROEZBMUZDdVROMXVPc2NoWlpYXy0yXzJlbERMcXNrV2dIZFpIcTBYa0NaVzJVU25PX2VPNmtRa3dmOGxDQdIBxwFBVV95cUxObWpGWjB0ejcybHhaMTcwanlNay1LNlNaN2dtY3dNQ3dYb3ZnNzJ0TjFBQVhTLWRaMVcxbUhybkZWME9VZ3VldTAybUtDX01YWDZESzJrLWVQSU1jN0lhbDF0MWItcmlKcHRGYTJ5V0hvcWFqak9hSm1qTi1hTmhhWGhwM05yYVBzUkZ6Rm9sU1QxUXNJWXh6MWdTYjRTMXgtTW93cGx4MVVPZ0tSTVpENlV5cThaTUZwaHQtM0ZOMmZEV3VpT2RV?oc=5
CMP039,RPD,Rapid7 Inc.,Rapid7 says severe-flaw attacks jumped 105% as Q1 cash flow hit $33M - Stock Titan,"Tue, 05 May 2026 07:00:00 GMT",Rapid7 says severe-flaw attacks jumped 105% as Q1 cash flow hit $33M  Stock Titan,https://news.google.com/rss/articles/CBMioAFBVV95cUxQQU9TNm82S2FVT05rczh3RzdOUWEzSVdrdW1NdzM5M3BGMVJnSFBJbWpmN1JoVmxCV1ROWlhoT1ZCelEwQ2JEODF4RDExZVZxemhfMGtWeXdwYUlnNmQzeGF5ZGN3QnJ6d1B6eG5FWDF6UFBWY0U3QmNaRkN2MEZMbmRBbjl4RGQ5T1FwRWJLT0xSMmRTeUJWbEhLZnZ3eGVD?oc=5
CMP039,RPD,Rapid7 Inc.,Rapid7 shares plunge on weak outlook despite fourth-quarter beat - SiliconANGLE,"Tue, 10 Feb 2026 08:00:00 GMT",Rapid7 shares plunge on weak outlook despite fourth-quarter beat  SiliconANGLE,https://news.google.com/rss/articles/CBMinwFBVV95cUxQd3ZoSnI3UFNtakxiNlZHN2dBWlBrbVlZZERkaURsZ3dkVVNaTFRQYWhKWnMtMVpjX1NIMW13cWEwSXozZGJaVXNPUmpnYVVteEpueFNibEJhUjR0MmNuNFR1UDlTdVNjdDhXR2RGc25iZWVoal9PS3YxSnhYUWJYQ21XNnc4bGVBbi1GRldLdUJhaEVwMG5kU3V4RTBiV0E?oc=5
CMP042,INFY,Infosys Limited,Infosys stock holds steady. Investors watch the US client mix. - AD HOC NEWS,"Sat, 04 Jul 2026 11:32:11 GMT",Infosys stock holds steady. Investors watch the US client mix.  AD HOC NEWS,https://news.google.com/rss/articles/CBMiuwFBVV95cUxNWTFDbUI3ZUdEUkRiMnZwbHN1TzNEd0lQY2JqaFZ1V3cyNURCUVZlbDduTENKaGY4TUcxajB3dE9CQlZ1aU1MNmI2dU0zLU5CSjMtMHRHdkdRLUswYTRJaWxEeThXS2VSRm9XSmlwcFdFNHNHWlJyd2RaYkN3cFFjZmhOOHl3dHY1TXlzdTVTbENvci00cHloc2lSWWRoMk5RdzA2TU1oWkZwQU9oUGo5bW0yLTQ4bWF0NGVv?oc=5
CMP042,INFY,Infosys Limited,"Wipro, Infosys, TCS in race to build new Customs system: report - PRESS Insider","Thu, 02 Jul 2026 07:01:28 GMT","Wipro, Infosys, TCS in race to build new Customs system: report  PRESS Insider",https://news.google.com/rss/articles/CBMilgFBVV95cUxQNXVKVlJIVEVwaEd1RndJWmNQQ1B2MndJaEpPLVRSR3VqdHJ0clpFT1dKeEZLUlBQUDdiRklCaE92Z2l1UDBVTWMyd0QxYWdESjRKTC1pS2hxemVxRk8zRi0xa0hkdnhiQnpLdGlHUDN3RnhvTnNGUEtxYmJ6eXhmbnczODlPV1VNZHRZX2V4RlR0WWJ0VWc?oc=5
CMP042,INFY,Infosys Limited,Infosys (INFY) Partners With Valmet On Enterprise-Wide IT Transformation Initiative - Yahoo Finance,"Sat, 20 Jun 2026 07:00:00 GMT",Infosys (INFY) Partners With Valmet On Enterprise-Wide IT Transformation Initiative  Yahoo Finance,https://news.google.com/rss/articles/CBMiogFBVV95cUxNc1YwQlp1ai1sQXpQcHVvTzZRM2JtaFpfNDFNbnpxMnIxU2d6Q1c2SW9jLVNmYl9xRExIRkZrclhxUjZYajBSaHU0MmxwX0pXekh3STNZVUJ6UzkzTUs4UG1yU2s1T2pPbVc2NUlSdW5keWVsRmltbFBWcXNDdWRwOHhWVThXT3lmZXhvWjJXdFBlbkFnMmJ0WlpSa004R04zdUE?oc=5
CMP042,INFY,Infosys Limited,A cognitive engine tuned for business - Infosys,"Tue, 26 May 2026 07:00:00 GMT",A cognitive engine tuned for business  Infosys,https://news.google.com/rss/articles/CBMigwFBVV95cUxNczAtY2k4a0JfWnF1U25mU29fc09ra1A1YXljX19EaG5aWVVQYjVKcnZ4THFWRzJocE5ueXpwRUY4dmFndjdlLWRTdVNqX0ltRkxpV3RLNmFTZTZOVG5jOEJ3Uy1jM3djSVZRb1FRQ3o4Uk4xREg3WUxrQVlMa2FNcnRuZw?oc=5
CMP042,INFY,Infosys Limited,Infosys to rebuild Valmet's IT backbone with AI and cloud tools - Stock Titan,"Tue, 16 Jun 2026 07:00:00 GMT",Infosys to rebuild Valmet's IT backbone with AI and cloud tools  Stock Titan,https://news.google.com/rss/articles/CBMivwFBVV95cUxOT1B6d0ZDUE5IR2JkTjF6UGhsVE92UnFJTmlfQ1VqR3YxdWtKZ2JjMl9Mc3Y2MEozbC0wRm9IRUV5VmE0WHZuRnA5U2xWbDRocFZkVlRSSVpLajhkcGd2XzBCWFpvQk5YQnUwdC02b2k1U1ptY3U4S2JMWEhWd0ZqZ25JZHQzMkE2ZWRXZ3poUE1zLU9MaVdDRW1kaHpXMGZId0hjd1RhclVYdXluNkplSHh2UDNLazJmLWNlMWJMdw?oc=5
CMP054,KPITTECH,KPIT Technologies Limited,KPIT Tech Shares Crash 16% As Company Warns Of First Revenue Decline In 23 Quarters - NDTV Profit,"Wed, 01 Jul 2026 07:11:40 GMT",KPIT Tech Shares Crash 16% As Company Warns Of First Revenue Decline In 23 Quarters  NDTV Profit,https://news.google.com/rss/articles/CBMizwFBVV95cUxQM1B1X1lldXJreGpHc2lSMnFSbnNsam9yZFpCV2MyWHE4eXA4ZjVKdExRYkcwNFA4YnFtMjNNMHR1bUdxNUxZNm1HZXR0U3JxemcxZmxydF9UZTY2NHJlR0w5OEd3VE5ac0pxSjctYXIwaFFFUWUyemZCdHZDRUlhWVdwb0xRWFc3VVNwSGNka1Q1eGgtX2hQMmpwaG9oVGZZTlNYa0lwTk9qNHBLcGJmdm50dkp0VzhHaVpPRWpVZDMxMC0yZkxLaXlYdVBEQ3PSAdcBQVVfeXFMUGJxcmZlZUVTT3hyVS1oX2JvbWJhenFNTnJmTzZTWHJzRGFQcXBQeUt0QTVVRjAyNlhTOWw1ZFdaUGo0SmFYbmt2X3d4UlkwbGxFYTB1a0NrLXotMS1QbjJwd2NUek1lVndYekZCR2FTTkxYbHNCUllZVTdOUWNuX0RHcFAzWWV0MmxlY2lZRlFkWXFtTXlYcnhscjREc0wxTmxRVnBEd3lOWEpZU1ZaeDVzUDlZeWN1dVpCTWZBZmROVVowUTY0QUFJcUNQay1VRzVJUjRIb0E?oc=5
CMP054,KPITTECH,KPIT Technologies Limited,KPIT Technologies Crashes 16% to 52-Week Low After Weak FY27 Outlook; Here's Why the Stock Is Under Pressure - India Infoline,"Wed, 01 Jul 2026 13:56:00 GMT",KPIT Technologies Crashes 16% to 52-Week Low After Weak FY27 Outlook; Here's Why the Stock Is Under Pressure  India Infoline,https://news.google.com/rss/articles/CBMi5AFBVV95cUxNcmFDa25PMEd6UXJtZWd4TFA0eDcwdFF5cERqWlNPMnI0RWdGbG1hd0YwZ1duYTVPZ0ZWMW1aZzladHk1VEIwelE0UkI4a2cyQktTYzg3cmoxUVBXbHRPdW9aQXQ5c2o2enJZNFVlT3EtUkZLRTYyVm85NTZWTlFZbjVKV1hWRmxGS1RvOXRjemNTLWg0ZHEweEI3bVlKTzUtbDFZU1lJY19JRnU4NUNwdzNpaXVDcXpwSXg4Tjd4SnZ6cjRXVWZqbjZreDNsR1lqcXdNbEhHeTBGSzR4YW1mOUxmOEI?oc=5
CMP054,KPITTECH,KPIT Technologies Limited,"KPIT Tech stock crashes 16%, hits lower circuits after FY27 warning, block deal adds to pressure - Moneycontrol.com","Wed, 01 Jul 2026 04:09:18 GMT","KPIT Tech stock crashes 16%, hits lower circuits after FY27 warning, block deal adds to pressure  Moneycontrol.com",https://news.google.com/rss/articles/CBMiggJBVV95cUxPUHoxOTVwZ0h1YXRwZks3Q1FCSkUyZWpsX0pBNmdBNXh6eHB3MzJtLURsVlhLaHJzZ1RFdFlGMGNsZFdLVFdqaGNtZUtHcDhUYk1KMnpEaEtLeHFGUFl6VVdIN0RPczl1UWpWVGVHNnJWUkRoMGpRMkxBLWtoWXg3V0Q4c3MwcEVkMEdzSVh1SGRxdGpLMi1uTkJxLWFhcFlFQjlZVWdEV0t2ck5GOG8welVySFluZmw1cFZFSDc2R3N0WnZtRzY0ZTM3anFiLVFITTdXWl81dFhIN2paZGhVa2k1MHAtSTRjaDF5RjctLTJhWkNRak8zcWZha2N0WTl6MnfSAYcCQVVfeXFMTUNwbWIzNHVxOVQ2MmZBWGtkOXlWTjFfMXFDS0lWRHdUNUhwNmFWR180SGgycS1BQ2lMbGV1ajZZX0EtWlBqam55M01zSHpDdTlrdlc4LXhIWnVjWkhqUEZaVVh2RXRmRTZXVmFodFZacVdVdHU2cVBURFBwSmpyVjEweXMwRVFtT21ETldRR0V1bVZ5WUE5Q01zaFFuTnFHdERJMGV3MU0wRkRkcE1WNloyblFDOWdvVjZSajJwQmlsNms3RUR5ZTh2SG5SdndFV1dqbE5TWi0zSmpNcHY1SU9fNkVtbC1yM2FHVFE5TDdmc1JtYTVZOXNvc29QR3FyLTA0amRkSUU?oc=5
CMP054,KPITTECH,KPIT Technologies Limited,KPIT Technologies Ltd leads losers in 'A' group - Business Standard,"Wed, 01 Jul 2026 09:35:16 GMT",KPIT Technologies Ltd leads losers in 'A' group  Business Standard,https://news.google.com/rss/articles/CBMixgFBVV95cUxQcXVZMUhUSUVxeUNpSzkzc3dOcVlWU0hIaTBDWDYySUJGcm9WdU45azRxV2xXWDZ3NlB3QVNtcE44Z1ZCWkNQVEdBR19mdFdOV3JucDlhSGdoc1liNHpDbDBfMUU1RXVfWHY2WFhoOHQyMDIwSXowdTl0aVJCdVg1TTNVa2dDMU13WC1xMzlRZ1UzaG53MEpMejUycDF2STR2RjBrdkRuMF9odmtoMlY3LUV3dmlFeVJUMVZSaEdDbTREU25iTFHSAcsBQVVfeXFMTUxuWlNLTkZOZWlKMFBBZk5zUGk5VmpDNEkxdEs2TlZMSnRnajU2QW1jSVdLTkVmV253bVprZnRJcnQxei1tSGRxc05laWsxcDZEWkw3VU1nY25VMm8zZUhVV1FZU1V3OXNNNVVaZUNhQjJ0ZlZnczI3VEZaNEp2NXpYZUJYbkE5WENiWWpiV242d1RXUnE3X0FYR1FwcFJKNlJ2YWEzNUxRcS1mbFg1NEk1SzNjWkFIUy1abVM1akJ4cjVZOVVSZlNzRVk?oc=5
CMP054,KPITTECH,KPIT Technologies Limited,"KPIT Tech says Q2 revenue will be same as Q1; Stock falls 16% after warning, JPM downgrade - CNBC TV18","Wed, 01 Jul 2026 01:21:50 GMT","KPIT Tech says Q2 revenue will be same as Q1; Stock falls 16% after warning, JPM downgrade  CNBC TV18",https://news.google.com/rss/articles/CBMiygFBVV95cUxPcFBVcUg5eENsSjk0ZDZoMHI0Z1l5UkdoZk5jZkEyS1ZWYXljSFlUYzdqcXcwVWotQzZVYnFQTm9jN2llc0tNNHQ1QkpTZFRYdXozc3hLNUtSaDB4a1Ficlg5ODVpN3U0QzBoZjNDWl9yb1V6dXZtRmxoTnNGQ3lWbnVLcTRQU1luT1djRlJoWW40TjkzSHd3M21lSFlKVmRHTDRTWnBCM0FuaGxwelpHUFQ4eEp6V2ZsT09WSWxLN1VySV9ZSmhBSkNR0gHPAUFVX3lxTE44VHNDOVlnY25Nay03T1dGNnNrOEhZSGV4ZEpaaXNETE5yOF95aFUxRzBzQTA0cW04ajdHS1R6d1AxaXEzMGxEZnFoMENfNUw2LU13YU0xRU9MVkZvYUlrYkxLUzZhTm1ZT0F6UnZpbkhxMmxUVmhYZWVxa2pBMWQtS09GQm1mLUlubXdyQml1ZU5xX3I1RTY3MVdJZWtudHptYTF4RHZPU1RhX1hlcXNOZWdoV2dyU1BjV2NaaUVnQmJWUVVMWTR1Q2gwRTRtdw?oc=5
CMP055,TATAELXSI,Tata Elxsi Limited,"KPIT Tech stock crashes 16%: Tata Tech, Tata Elxsi see rub-off effect, fall up to 5% - Moneycontrol.com","Wed, 01 Jul 2026 06:26:01 GMT","KPIT Tech stock crashes 16%: Tata Tech, Tata Elxsi see rub-off effect, fall up to 5%  Moneycontrol.com",https://news.google.com/rss/articles/CBMi3AFBVV95cUxOLTNrZkVhYUJtSjB1dUdhalhqYzlwbks2Zmc2WEp0VkVjSm5aNlc4aGNNME1ZUExpT2ZtOUlPUTZOQmY0WE9PWW5mSndSampEdF9wZHhGY21DMS1kdFdOWTFWUFUzM3cxYVRYWTRFOU5pcEtQT1U1UUkyWHlUcGhaNERoYXRyeEpaSG9FYTZsS1VOVkFvYlZjTU90TWZfRHBsdUxaeVI2NTVvSmJZYmUxLThXZFFIbEtTVHR5U3N0V0JHMVB6OEhyWklBb2Z5RnEzYUV1aFJTNE1vdzNK0gHiAUFVX3lxTFBBOWczUTg5YUxMMmZqVUFrOTlIcWFocG1OWmtxVXZTV2dTVW82UkxJcDU2enhRdDBnUVBIcVhoVXJiLUtJSkltMHQxdXMyd01WSVFGWE9hZU9xeXdVcHZGcnROUENJUnE1YWZkaEpiRDRFWDhacm5KdU5xN2NCS3htSHUyaWJJNEw1bnVZMVhwSWF4NDBUTjZaWmV6cXlLcnpKemFOcVJPSlMzUHRlTGhUR3h3b1ZVYnFGMHJ3WWhHc2ZiRnhxa2dyMmQyTGJ3c3pVT0h5ajlCU0s3R1YwSkFucVE?oc=5
CMP055,TATAELXSI,Tata Elxsi Limited,India’s Tata Elxsi posts fourth straight quarterly profit fall amid auto slowdown - Reuters,"Thu, 09 Oct 2025 07:00:00 GMT",India’s Tata Elxsi posts fourth straight quarterly profit fall amid auto slowdown  Reuters,https://news.google.com/rss/articles/CBMixwFBVV95cUxOaElJVnBDdDBrWHN1OFB4bU45al9MLUNDcEhiaDVlc3oxeTI5TkpvWkpkTGRLVVBPUE82aUFjbU5DX0QyUml1VUJjcnBoaHJPN3B5djN2NHpEUUxvX2FPc1EwQmR5ZmVNdW5WRFhjUTFNZElQSng2UVVRdVFObTJoelJRb2dScnZxa0NnLXJ5b3hlcnAzNVliNld4WHFvNEJpUXotU2NQdWtfVWgwOEVzZUJQdVpzbmxlc2ZVTFFRN3ZnSEo5Yk1V?oc=5
CMP055,TATAELXSI,Tata Elxsi Limited,Just Three Days Till Tata Elxsi Limited (NSE:TATAELXSI) Will Be Trading Ex-Dividend - simplywall.st,"Sat, 06 Jun 2026 07:00:00 GMT",Just Three Days Till Tata Elxsi Limited (NSE:TATAELXSI) Will Be Trading Ex-Dividend  simplywall.st,https://news.google.com/rss/articles/CBMi1AFBVV95cUxPUjVSLXRhVmMtOVVKdUpJNUFib2VhcXhSR01JUV9rbk5JWlktMXY1bDA1RDRTUWhkeFBZRmxvcng3aUlmTTdsQXJ6aVVMdVNKZlV5TWJsQjB6ckJkUEFCRVFSNV9iMUtvaUZPVjZwOWZjbFI3SXNzSm1mS1dpTWM0ZktkMEVKYVdHZGpCVjIweThZZThiQlNTd21MZmRmLTBxdWdFdUpSZFI1aU9HaUI0ejZ0RG1nX0xfMVhZSG9tN3plQXZQZEJsSDhsMVIxOTBSeGFxatIB2gFBVV95cUxPUTBpRjM0MlFGNEVHQllIRjk1VlREWUt2MXEyWjU0YjJKQXNPdzAyOUJ6ejJxVGNJSUNxZFpyMkF6eFNhUFNwZFdWei1RZ2dvMmg3cllxTHBzMXAxWWl3b25TQ3ZmX1JfMzI0N2pSamdsU0ExWHhmNVYzMG9pY016VWE1WTZOZlhleUp6enFNQS1YVUM2MnBHcVNQVmV0dVp6dWVDQ2stWTF4UmRJcGl2Sm1tVVdtc1lrSHFuNlpNUkxlcTVjSDh6SnFyYXBjSVFhN05sS0swN2pCdw?oc=5
CMP055,TATAELXSI,Tata Elxsi Limited,"Tata Elxsi, Tata Technologies shares tumble up to 7%: Here is what is weighing on the stocks - Upstox","Wed, 01 Jul 2026 04:16:14 GMT","Tata Elxsi, Tata Technologies shares tumble up to 7%: Here is what is weighing on the stocks  Upstox",https://news.google.com/rss/articles/CBMi2wFBVV95cUxOWXo4MFpDb0xGNjZFMmJXck5vOGNYczFpNVNZWURiZTdJQjBqbWNxOFNpbjVsVFkwMm11cENETVJCZGN3b05tLWo3REx3b0hETHFzU2trVm5md3ZnVTVKd2ZGLTdCaEhYVmpTdmFiemx1TU9ZVmNnNXoxdFd1bV9uQVFyTUFBXzQxVDhfTjU2Ri1pMkxlLXBWSjBJaHZUYXVSNmltel80Q210a2JBTFVDOGNrV0JReGhTcExmSndmVHF1MGVreWg5M0c5eVZ1RjY1VnFFUEVUOExnVkU?oc=5
CMP055,TATAELXSI,Tata Elxsi Limited,"Tata Elxsi operating revenue at Rs. 993.8 Cr, registers healthy growth of 4.2% QoQ – Company Announcement - Financial Times","Tue, 21 Apr 2026 07:00:00 GMT","Tata Elxsi operating revenue at Rs. 993.8 Cr, registers healthy growth of 4.2% QoQ – Company Announcement  Financial Times",https://news.google.com/rss/articles/CBMimAFBVV95cUxPWHV6M0xSYjFYclpwUWJ4dDVBV2FHbmVRTkNQSUJaOEJWdndLQjZ2SkJGaFVwbldybDRJTWM5aUlWMDhFSTF6czFvUXkxTkJIZkQwZk42OVdmNkJkVmhkYVJWV01IUWpETHJEQVprNkNMdmctYUg1LUZJQWt0V2FKTGdkZS1MaE55UXA5M2lZZTB6SjlMaFF2cA?oc=5
CMP065,EMUDHRA,eMudhra Limited,eMudhra Limited (NSE:EMUDHRA) Just Reported And Analysts Have Been Cutting Their Estimates - simplywall.st,"Mon, 11 May 2026 07:00:00 GMT",eMudhra Limited (NSE:EMUDHRA) Just Reported And Analysts Have Been Cutting Their Estimates  simplywall.st,https://news.google.com/rss/articles/CBMi3AFBVV95cUxQbnFiLW5FOFhuNUJxT2R4clRtLWNBSU9Edk5SSGtXT0hSY0lMaUVGTzA2eE9JSnoxS2YtalhTdW9ILXVlbHd0amJDbkRxd0t0dy1qTVFWUGhPaHBFMmstd2RYZFNGbUk3QmtOSzFBb1Vrb1JNMXpnZjY0Y3dxbl9kcVBzUDd0eVROa0F0RmRPbnpVTi0yc1dXcEcxOGpDRGFEWm9QSGxEZ1hIUVNpZlk1akZDbU5pQTBSZ2o5eUdRTU52LWNWTWdoYjNHY3l1RG5SSExoWUFneE1QX3Qx0gHiAUFVX3lxTE1ESkpzWWVrdkhrX1d5ZkJrWHFQSGp0YWRUTjUxOVNMQ1FvVEdDNmZsTE5ETWE0OWJYUzlXNHdPTjA2T0Y3clViMEEtV1JrSFcxYmZBX0VaM3NueDFLR1VZZ0oyQTRaSjRTUk9HTUllUkhSTmlwY0ZjLTV1NDZodHViRnJLSXBZRGVWNXVzRHAwWlJpTWhnNk1hMkhMUGgwSm5hUkw4VHBWZDMyeEZJSEVMWVZ3MUlibXg1U3hfZERqWFV0d0NqeUhlMmxEajhxWDZJN2VGUWk2OUZZWnFQZFRwN3c?oc=5
CMP065,EMUDHRA,eMudhra Limited,eMudhra passes all resolutions at 18th AGM - scanx.trade,"Sat, 27 Jun 2026 00:13:29 GMT",eMudhra passes all resolutions at 18th AGM  scanx.trade,https://news.google.com/rss/articles/CBMiqgFBVV95cUxQNHJBZS1UVFZDVmVvRjRoVHJMTlZFaEZkbzl6U2IyUnM1d2swTUZ5aVQ2eW5IN0NzVXBnMFd4MVVVOGtvU29jWUN2OVNTRnE0YTI4TVh5MEszdFJ4ME95Tm5Ya1VXeTVRYy05ZEFnV2pPd183VFhxSTB0LTdCeTB2UDRCSXFhSW01ZU1ncGo2NVhBTXd1Q2l1RGhoekxhcXVXNmZHN0ExeWx3Zw?oc=5
CMP065,EMUDHRA,eMudhra Limited,eMudhra's (NSE:EMUDHRA) Profits Appear To Have Quality Issues - simplywall.st,"Thu, 14 May 2026 07:00:00 GMT",eMudhra's (NSE:EMUDHRA) Profits Appear To Have Quality Issues  simplywall.st,https://news.google.com/rss/articles/CBMi2AFBVV95cUxPd1JMSGFVUGdLQnVlVlJKSVBBUGQwbm9PWlJKN3Z6Vk1LdV9VaS16cVItT2U4d0dHMzM1Tm91UERBa2lzeHBQVVpPR1B1MUl0U3dNSDJGMjdzY0E2OEZHYV9FQnhLUFliWFZWbHdFMDg4SmM4amExejBPeGpsVDJObm55LUJnV2tjMUc4cGhxazlUeEtNSHJaRlJITXNxcHdmWjE2THV3LTRxcjZyQTBuMVlpNUVleW9tZEhQbTJ5ZlprbUFnNzlCLVlpRXRBZzNfSW8tVWlfUkPSAd4BQVVfeXFMTXVSOW9EcEJDU0VKbUFUMm0tSHhROVpfN09ZRnlnNDRiNnFWYm1md2NlV1BmQ1VwcG9kaHZtWkZXRFlydmlMUlNzTnUwYkNVdGNDNmNNWXJpcnJENDNqZW92bHdDZlk3VVNpb1RoOU41Vmp5MDdlbjZPNjZhZlY1U1BqX2JCQ3BuNWEyNldqdjM2aXJIX1NzZnh4N3RTNXEzTHFKWVc5X3ZMN3g1RWJwWFFpOHNELVVtajQtNkVUM2xjTjdjdjg0bXhrYlR1VnZyZUNDdWU4Zld4WFpuTUFR?oc=5
CMP065,EMUDHRA,eMudhra Limited,eMudhra promoter declares no encumbrance of shares for FY26 - scanx.trade,"Mon, 15 Jun 2026 07:00:00 GMT",eMudhra promoter declares no encumbrance of shares for FY26  scanx.trade,https://news.google.com/rss/articles/CBMitwFBVV95cUxPUkRJZ3E1Z1I4ZzFpVGZxVVJIOUNsSl9xb3REVWlVVmJFQmxQYjZoNzQ5UVUzczBPaS1BaWlOWkZzSFJuMTA2MEo0ZWNVaC1FbGV3LWJJSFQ4SDNnei1vcUMtYTI0Y0c4blJaR0tuZW5LRllWSmdBSC1IVDFWLTdmOXE0ZFFsTW40UjQyOEpCQThqaVdIZjd0S1NtMHNDLU1sOUxqQ3RkcDZBOER4aTlWQ1l2aGJ0d3M?oc=5
CMP065,EMUDHRA,eMudhra Limited,eMudhra Remote Digital Signature Solution launched in Sri Lanka - dailynews.lk,"Thu, 28 May 2026 07:00:00 GMT",eMudhra Remote Digital Signature Solution launched in Sri Lanka  dailynews.lk,https://news.google.com/rss/articles/CBMiswFBVV95cUxQU1NVMG5LWlQ4Y1lNOWhmQ3ptUTRFcGR3LXo4cDViUVlWTXZ0eW5VaUU3SG1yZE9iQnU5UGM4ZERSNW5UVGhEYmZUdElidG80QnplSzZ2MVBkT0RyN04wSjdudGNVWEJibFhYR3R3c3otMzFfY1hrTFFPRHpCa3dGOVcweTRlRjM1UWVQTkxFNGRYbzBPcEtOZFdLMFlLU2hsWi1QeG42d19KZ3JRTHh5SWxEcw?oc=5
CMP070,MASTEK,Mastek Limited,Mastek Partners with Yanbu Cement Company to Modernise its Production to Dispatch Operations - Business Wire,"Mon, 29 Jun 2026 10:47:00 GMT",Mastek Partners with Yanbu Cement Company to Modernise its Production to Dispatch Operations  Business Wire,https://news.google.com/rss/articles/CBMi4wFBVV95cUxPbTE2ZlRLc0k2M1dPd3I1VHlNSm5BSHJ0ZWRrS19OZDRDZ1NwZFI4azBJREdpMWNKT3BtYzF1UFVsV0pDZmtELUc3aWo4MGppX3BlVm82Rkg5dUhsUmZLYjF0aEpfSzdRYzJwY0J6MEd0RzNxMDRaem9SNFpZTFZGYmNHaTY0eEdyQmZDbEw0b0h6YkkxUWxTZ1FCdGt0VUYzSzlRMzRJSEJYZ09xZUNvUno3TkNaTWdFSm9jeWNfNjFLWm9tNEg3NzI0dXNtNUlZSWlZQXdQQ3dGNTV3aTZVTmdBSQ?oc=5
CMP070,MASTEK,Mastek Limited,Mastek Limited Partners with Yanbu Cement Company to Modernise Its Production to Dispatch Operations - marketscreener.com,"Mon, 29 Jun 2026 11:53:50 GMT",Mastek Limited Partners with Yanbu Cement Company to Modernise Its Production to Dispatch Operations  marketscreener.com,https://news.google.com/rss/articles/CBMi6AFBVV95cUxQeTB1NGltVDZLVC1XdktRaElSVG11V3JZOHpJM0diMVJOWDdIMjU5WGRiWk9pUjdzX1lsU0N5QnN4MVhCUWNrLWNOWDZ4UWhfOUtLbzR0aF83aU1NdXlld3hjZnQ2RzNyX1dBVGtESm9ocE1nVHBsUm11U2R3cFE0R3NFOHg3SHpuYkZuSlF4dk16R1ZfenRYa21Gb1pPWExSVkxjVHo5ZXdMb19KWWxYLTlPOWdUVThrenZYenEtXzY1Y01udk94TGdKdTRhR0RnVUpYaXJnbjd5Z3VQdkViQUdnOHJxTXBP?oc=5
CMP070,MASTEK,Mastek Limited,How many employees work at Mastek? - Revelio Labs,"Thu, 09 Apr 2026 00:55:02 GMT",How many employees work at Mastek?  Revelio Labs,https://news.google.com/rss/articles/CBMiZkFVX3lxTFBqZER2MVVHZEdOcnZlSGV4VnBqdlNlV0E5YlpTdGtkTTJMMEFqU1VxTVZIdmlnM28telByTk82Unl6N3I5YkhhMzhPNlZ4SUY5dGlobGNCSXBRbmZXN1ZZZFpRT205Zw?oc=5
CMP070,MASTEK,Mastek Limited,Analysts Have Made A Financial Statement On Mastek Limited's (NSE:MASTEK) Yearly Report - simplywall.st,"Wed, 22 Apr 2026 07:00:00 GMT",Analysts Have Made A Financial Statement On Mastek Limited's (NSE:MASTEK) Yearly Report  simplywall.st,https://news.google.com/rss/articles/CBMiygFBVV95cUxPc3dUbVVzT2E4aDIzdkJGNllweDZpS0dSOThPQjdrRnN4aVhERDdoalpNanEwVi1ZaVd6ZlBRWkhHVzlSZU1JVEVjUlJQR0pIWmlvYm11NzJXOEtGcHhWcGZBOEpvMkpLTnVDS2RLQS1qb1ZnaE9sNGpBM0cyQnJYTERpTXNkd2hpcjVQT2pyQ204NVZoRGVBeHNXZnNITTNpbTZadUhKR1lYYW5pbHhESmxJd3JyYXIyX0szYnlyZmFMVTIzV2NwLTBB0gHPAUFVX3lxTE9IM04xUUpXV3FPRmxJa0xJck14eHJGODAwMzYzeU1sbHR2QWhUTkFFN3VncFNPWDEzdjNybWpRV0dkeWkyYVVFYnBIZVA5OHpoMWxtVndxMjVqRFFTOUFuLW1mWmptc3hjZXJxZWJOOUdjcTJQb3Mwck51V252OUhNMUNHdTRjWlN3Z19Zd2k2WjY2bHJaNzZuX3lTeXdVcHQ5R3ZFNHBaUFRIRm14Ujl4dFlISDltcE1GQmxKV1NiMU40RmVZdW5uQ1F4bXlxcw?oc=5
CMP070,MASTEK,Mastek Limited,Mastek partners with Yanbu Cement Company - Business Standard,"Mon, 29 Jun 2026 08:34:58 GMT",Mastek partners with Yanbu Cement Company  Business Standard,https://news.google.com/rss/articles/CBMiwAFBVV95cUxQSHVQUFZpVDdpTW9QMDl5c24zUXRkQWM5MTFxeHNENi10anlOb3I0Y0tJdlloZEdycUl5YUMtcDJQMUs1MC1QVzJXY1U2QlM2WW9HdllYN1JyNFdxTnlQU0VNak1sMnNyNWY1U243NnJla3pXV0NHVmx0X2xYUU1SM2xMcjJWS19weDJKdUoyN25SSEVnb0RNd2FwOWxhY1A2NGFXQXROTGJ3V2ZoYU1pSHJydVVOcUhLeGZnSUFLeGbSAcYBQVVfeXFMT2otMUxVZWFOLTVxdEk1YTFwWFJPLThJWEh4cFg5aVg3Umhhdm5hbEctcks0OXdRWVJqVWZaNVcwRkdwY0hmcVZCeXJhbFFEUmhyWWs3ZmlKOEVrcDZIcjdfSGV3a3FlU3hOcVE1Ql9XTVVRTUdSZUI2TlFWNGdZOXRaWGQ3S09COXJya2tvaGVPTzhHZzdBdzBLcGg1ZFp0czV5OXFyME5kYXRFUVdhTUFNYXN2WF94MmdsWGRrQ200OHJUVkx3?oc=5
CMP079,DATA,GlobalData Plc,Investment Monitor’s parent company GlobalData moves to Main Market of LSE - Investment Monitor,"Thu, 05 Mar 2026 08:00:00 GMT",Investment Monitor’s parent company GlobalData moves to Main Market of LSE  Investment Monitor,https://news.google.com/rss/articles/CBMic0FVX3lxTFBVeFFEcnFyS2c0STJQdFVaZnB2UUxhM04xaUtQaVRfRGlEMEZnWGlqSDRwUm1ZaVd2OXVoSG1NZnJydDlMdmd1bVc4NDMtRldPc0t5TFNTWE9vTXpOSHppam5HUlRNdWg1bW8zWXlCbnRCNjA?oc=5
CMP079,DATA,GlobalData Plc,Buy Now Pay Later: The Next Chapter - Global Data,"Thu, 26 Feb 2026 08:00:00 GMT",Buy Now Pay Later: The Next Chapter  Global Data,https://news.google.com/rss/articles/CBMif0FVX3lxTE8yMTlHcHpGVnk3NE04a2V5bmdDcGpGd0ZrVTZfUzM4MW5NVURSRFdrZklsN0dKaFQxaTNEVlM1SFE3UVEycjY3eFdtZHJnNVRLUGpmRzdhT1dPTk9MOTdlejVBUWpfVGQ2c1JxY085S2VzOFFfWGdTLVhBOENfZTQ?oc=5
CMP079,DATA,GlobalData Plc,How S&P Global data helps investors navigate the risks of corporate controversies - S&P Global,"Mon, 18 May 2026 07:00:00 GMT",How S&P Global data helps investors navigate the risks of corporate controversies  S&P Global,https://news.google.com/rss/articles/CBMivAFBVV95cUxOSl9ZMGxhaHVLUVgtUS1GQlo5XzJEekpubGxTb1RRLTBjZGdZcFJsOUhBMG1qM0dFTDc4eE9OYkhzcnFweFhjRkhzUHpUSjQxdU1vdnhyd1Z4WHhoWjRSS1FjSVNNMlVURjdHQmdyMGJqWmJuZHJDS1FfZ2pkTXZwOWo5N0x5UzlwOE1WVE1zV0tONmdRWmVvcEJmaVZHc1FYejVtYkRSVl9uZ19JeTRwTi1UekJsbEprdFB5Qw?oc=5
CMP079,DATA,GlobalData Plc,"Data Center Market Size, Share & Forecast Report, 2034 - Fortune Business Insights","Mon, 15 Jun 2026 07:00:00 GMT","Data Center Market Size, Share & Forecast Report, 2034  Fortune Business Insights",https://news.google.com/rss/articles/CBMic0FVX3lxTE5VbW80d2R2WEJ6TUp1eGRuVUtxZTEyTlpfRk5DNjJvbW9SUkJtXzd0LWQ5WnptSkRNNzBzVTZNUUJjSGZXdnZKVUdBM0toZ0stZ2M1Y2lZMTZUWjFnUWRhejdWaHh6MzgxRmVXMUZhQy1pSEk?oc=5
CMP079,DATA,GlobalData Plc,RIWI and TGOA Launch Global Data Impact Index Revealing Enterprise Data Maturity Gap - TMX Newsfile,"Tue, 09 Jun 2026 07:00:00 GMT",RIWI and TGOA Launch Global Data Impact Index Revealing Enterprise Data Maturity Gap  TMX Newsfile,https://news.google.com/rss/articles/CBMixwFBVV95cUxObXBZdkFkRF9NUDNJYzlaVGJSUndlYlo0WERvTTgxanpLd3drNk9wcVJ2dTA5S3hkV2ItQ2NJbWtqQUV3dG4tSUpWWE5JdjNWUG5DTHlfYkJNNXlQLUkyNkY3WHptLVRxTHdDWFZrS01KVWpWMGJhVC1VS2JIeFJveGJHYjdPdVNVWFVrOWdWcnlsSzVKOTlScUlGMWZlRnZwOUE5WURQb3QxUW5RdjJ2ZWpDdXhLMFJNd0thOEN0QVJvMDV0Z1lN?oc=5
CMP081,SAP,SAP SE,"Nokia, SAP and Microsoft Enter Strategic Multi-Year Agreement to Advance Cloud- and AI-Driven Business Transformation - SAP News Center","Tue, 30 Jun 2026 13:05:36 GMT","Nokia, SAP and Microsoft Enter Strategic Multi-Year Agreement to Advance Cloud- and AI-Driven Business Transformation  SAP News Center",https://news.google.com/rss/articles/CBMixwFBVV95cUxQdHNDZDlmSEwyd1VtZ1RRQjJNTjZiSW45bzZfVGljUWxPSGVCYVZvT0NQOGdTZlU1OHFpMFdveWozYTBhWUJKcW1xTG5OVmxaUkhZZVJ1X3NCYXp2Vk4ySWFfeDhfay1MWmVQb1NPaEg3cER1RFhudHhwLXB2eGdJNWsxMnctY01kM0FEekc3Q0RUcTBiYVVZSDN6cm45d1JTcUxKRVNaYThIbnFSbmQxTVVBeEV3Q0FxbW5vYi1jWlhiYzdFX0lR?oc=5
CMP081,SAP,SAP SE,"Should I Buy SAP (SAP SE) | AI Analysis, Technical & News Insights - Kavout | AI","Wed, 01 Jul 2026 09:07:19 GMT","Should I Buy SAP (SAP SE) | AI Analysis, Technical & News Insights  Kavout | AI",https://news.google.com/rss/articles/CBMiWEFVX3lxTE55LVczSGlVdFNnWlNkMkJZRWpzb3dhdEJrNWtEbTFxb2Y3UUZZOUFwLWp6R0ZLRk9QSEg2RHpGUjFET2FSUm5DYXRsQW9fRDFVN3UyX1Uwdmg?oc=5
CMP081,SAP,SAP SE,SAP SE Stock (SAP) Closed Up by 3.50% on Jul 1: Facts Behind the Movement - TradingKey,"Wed, 01 Jul 2026 20:15:14 GMT",SAP SE Stock (SAP) Closed Up by 3.50% on Jul 1: Facts Behind the Movement  TradingKey,https://news.google.com/rss/articles/CBMiigFBVV95cUxPOVZLT2Qta2pGZllMVXh0Vy1PNGtyNXg3czhuWjVGQUJWbFZHS1B1YkNjdTNNQnBLM3ZHS3VsemZsZWVIWC1DckNCY055RWsxSzc5OEQ0RUt3LUM1dTkyTFVaSjVlSmFJOFBWYXYxV0tCcHFVRzFJQlBJUXpzN2NNa01UMkVMcHdKb0E?oc=5
CMP081,SAP,SAP SE,SAP to double federal seed money for children of U.S. employees - Stock Titan,"Fri, 03 Jul 2026 16:00:00 GMT",SAP to double federal seed money for children of U.S. employees  Stock Titan,https://news.google.com/rss/articles/CBMisgFBVV95cUxQUEhDbEtCMW1TbEdfZUdDR193Z042cjVma053ZVZEeFVKMTkyVkdMRTMyaDRtd2pDR2JWejdTLWtpRS14ZXlaT2FqUVlNVDJmZGthVnRzblFpeDliSGM2NFRJeUQwM3lvYTJNUEV1Tmw1bGQteTlUU0Z0bUotRHhUUVpsSHplazVPdVZCdUgxX0staE5KaG5iZ2dWMXNNS0FSQ3U1QjQyOUg2d0hfYjZNUm9B?oc=5
CMP081,SAP,SAP SE,SAP SE Stock Forecast | Business AI Platform Launch - Capital.com,"Tue, 16 Jun 2026 07:00:00 GMT",SAP SE Stock Forecast | Business AI Platform Launch  Capital.com,https://news.google.com/rss/articles/CBMif0FVX3lxTFBXeU00VG11RC1adlY5VkhuaDB3YllkZ0lWX3hUeU01NFNPUTllZ3RYZlBkYm9vLWpJOWJTU1EzbkwwYm9iTExxUV82d0k3NmpEckN3Z0RyNVlWYW0xYlpuZzVlRW1Yd1JkWmg0cGF6Vmx1TWQ5Z2NCeW1LZng2eEE?oc=5
CMP098,GRAB,Grab Holdings Limited,Grab Holdings Limited (GRAB) Advances While Market Declines: Some Information for Investors - Yahoo Finance Singapore,"Fri, 26 Jun 2026 21:50:02 GMT",Grab Holdings Limited (GRAB) Advances While Market Declines: Some Information for Investors  Yahoo Finance Singapore,https://news.google.com/rss/articles/CBMijAFBVV95cUxPQjhDVVJCQllrdUxsZXUzcVNmd0dfZnI5OHNxcVZZSmJyM1F1TktGbnFCdHZYdnJ0MTA1YWhHc3Q3X2tBLWZuUTAwdGlIUzNtNkx1REY0TGFyUGllbDJoZ2ZGaDZhX2NGbzZWbXhFbGM3cUt2MUtkclZJa21SakdYa3NXVGk0amk1dkM4cA?oc=5
CMP098,GRAB,Grab Holdings Limited,Grab Holdings Limited (GRAB) Suffers a Larger Drop Than the General Market: Key Insights - TradingView,"Fri, 05 Jun 2026 07:00:00 GMT",Grab Holdings Limited (GRAB) Suffers a Larger Drop Than the General Market: Key Insights  TradingView,https://news.google.com/rss/articles/CBMi2AFBVV95cUxNaGh6RVljUXpGYXZTY1g4S2R4VHVQVXpkZVZnWVVETnE3bUZpZkRqeGl6ZzJkcjNwSG1JZXQtdjRyaU45LWgxLVZlSmhpeHczRFB0TEtoYWt6SVp2RXpvdGFGTk9sTHFCVDVVd1pFM1BMdG1LRHlMcXROWm5FRE5FZjAtT2VydzZBZE1vVGhyV0ZYc3VxWkRJUkpFem5mOXRmREJfcVgtbXREcGRXbkRLNUZhTEZYaWtMWGg4ZXowaWtkMGZpQ1E0THRhUXJCdTdsZ19MYmt2c0w?oc=5
CMP098,GRAB,Grab Holdings Limited,Grab Holdings Limited (GRAB) Stock Moves -1.15%: What You Should Know - Yahoo Finance Singapore,"Wed, 17 Jun 2026 21:50:02 GMT",Grab Holdings Limited (GRAB) Stock Moves -1.15%: What You Should Know  Yahoo Finance Singapore,https://news.google.com/rss/articles/CBMiiAFBVV95cUxPd29QYWVRb1VJUGdNYzZNaXZJMUdTdGhwaFA0RF85b3Z6eDEzY2l1QWtLcTdkcE41dVVUVXcybVdqVkxiMVlYeDJjbzhuZFVFSm8yUHExdnV0VDdteDlJQklscXlhSmtRSGR4eG5lSmF5cV9LUDZwNExfdVNabVNnOWNQOEpLVHpD?oc=5
CMP098,GRAB,Grab Holdings Limited,Grab Shares Up Off Lows as Investors Watch Taiwan Deal Test - TechStock²,"Wed, 10 Jun 2026 07:00:00 GMT",Grab Shares Up Off Lows as Investors Watch Taiwan Deal Test  TechStock²,https://news.google.com/rss/articles/CBMihwFBVV95cUxPTE4xSU92ejR2LUdOeDlSTEw5aXpMMTlpWV9pSjJWa0dwa3pqenhMa1VER0JHWlNYNTlHS1Y3V0NkNzlDT1puOG1fbkI1RGJOa1F1N3hqNEdSb1Frdk1TWlZ6UVB6bWFLWkZoOTVnR1hHelFHWV9BT0hnTjd3dUFoNWxjSG1ia28?oc=5
CMP098,GRAB,Grab Holdings Limited,Grab (NASDAQ: GRAB) takes majority control of Indonesia’s Superbank - Stock Titan,"Wed, 20 May 2026 07:00:00 GMT",Grab (NASDAQ: GRAB) takes majority control of Indonesia’s Superbank  Stock Titan,https://news.google.com/rss/articles/CBMiswFBVV95cUxObUpHTTA3YmxleHBHQVBpUWVqRENSaVN2azlpMWtYd2xRR1dOZ3RDYTlkaWlZbzEyalZMT09HcHQ2QXpNU0VqT3NxMVZoR1U3NWdHblpxcXBSY0t1d3o4Vl9ET0ViREVfOXhLRTdlZEhPNkxBaUJRZ2ZGOUVFV0dyMnpvdmNoSWtCQWtzWnJ2MnA5Q2U1Q0NNYzN4OUIxazJrY0h6RVlUUFdlTW15LUk5dGF4WQ?oc=5
CMP100,CSE,CSE Global Limited,CSE Global says no further discussions thus far on strategic review - Yahoo Finance Singapore,"Fri, 03 Apr 2026 07:00:00 GMT",CSE Global says no further discussions thus far on strategic review  Yahoo Finance Singapore,https://news.google.com/rss/articles/CBMigAFBVV95cUxQR2RzVWpGQ1RjblFZcGxKLTJCQzlXY0lXVmRWUTAzN3RiWWduU0RvQUF0Tm9BUk4ycW9WcklHUG83ajl1Q0cwWmlpZHJTS2ZrN1VrQVBveGhzUkRmNVhYeUdxZmVvbDZkV3pXSGk3NVJIQnZBOTVXRUpCSnBoU04wRg?oc=5
CMP100,CSE,CSE Global Limited,The bright side to the CSE Global clash - The Business Times,"Wed, 24 Jun 2026 07:00:00 GMT",The bright side to the CSE Global clash  The Business Times,https://news.google.com/rss/articles/CBMihgFBVV95cUxPM3RsYlhHX2lBMXZaOFgtRk42OE5Nb3FCYWg1U3ZLeDd6WTk1bXcyaFhZQnR5QWZDekhjME1seGlIY3Jya1RyaXg5WUJ5UzhzLTRQMmsyVklwdTZjZEhrOVJiWmpYUERBYXJBRGw3OGJzVUh2OHJLVGoyb293UmFTRTBZQkt2UQ?oc=5
CMP100,CSE,CSE Global Limited,CSE Global Updates Investors on Ongoing Strategic Review - The Globe and Mail,"Sat, 06 Jun 2026 07:00:00 GMT",CSE Global Updates Investors on Ongoing Strategic Review  The Globe and Mail,https://news.google.com/rss/articles/CBMi2gFBVV95cUxQR2JTWFRRVnVoblRGc0FmQ2FFUGZCUmxRZkpOcl9vRlkxbkt3bHlwWUlneW1DcC0yd3Z4NGZXUkIzZ1prTmtZYUVkczZTWDl1TW1reW1TTWVNZkluQTZwZl83dG0xTXd5SnF4NEIyY0c3eGpVN1NqdG0wSzlxZExnclg3Zm5SSHZDaThsRDRVY3BvRkZZX3dwQ05PU25IWDVjWW4za3doSkFYaTBUWTZYSnNYTVE4WFQydkdxb3RmQlQ3TVV2RGt0TFZwckJRN0xEOTFRMDZRNHNoQQ?oc=5
CMP100,CSE,CSE Global Limited,CSE Global says dispute between chairman and director ‘has not materially affected business’ - The Straits Times,"Thu, 18 Jun 2026 07:00:00 GMT",CSE Global says dispute between chairman and director ‘has not materially affected business’  The Straits Times,https://news.google.com/rss/articles/CBMixwFBVV95cUxOV0EyOG5EUlZOdGVaMkZkMkJ4TUM4ZF90dHNvYW54RkJpTnZmYVVyUU5lb3MyRXhPX2V0NWV1elptaV83bHlZSlplZ1NXeVNOMVNUM3hwdGdaenA3MWZCaXVHR2NtZl80eVAwQUx5UWRnbF9UU1lxbklMWlVkSDRYV05LYWRtR3dxbk0yMy1lUzE4LVpmS2lxT0lSbXRUWGtMazVudnJ2UktvWGRWX3JmSXh3aDU5VS02UlliZmZ5Sy0xYzVHZVlj?oc=5
CMP100,CSE,CSE Global Limited,Estimating The Fair Value Of CSE Global Limited (SGX:544) - simplywall.st,"Thu, 29 Jan 2026 08:00:00 GMT",Estimating The Fair Value Of CSE Global Limited (SGX:544)  simplywall.st,https://news.google.com/rss/articles/CBMixAFBVV95cUxQRnV3MkJqVkE3aThDM1pSdEtzSFpraGZoMlhvS2hMVUU5VHhWQ0pBZDJXWDIzZ2p3a085clA4Wm1zUzhmN0pHRWl0Sm5WZ0tVd09lYkRuMmpULTNvX2pyTHpxWW9sNUFiYmxUeDI0ZF9ydEhwZTkzb0JYT09QMHExcWhGXzkzWk1SbGp2RFBTbTJKVXhzbnY4VmRhQUlVejBIVXVkeWdHSjV3dzhyS2lrY1YydnZhQUoxZ2N1ZlVFU25uR2Fv0gHKAUFVX3lxTE5CTGh2ZmI5QWRaQjNnNlNlVDMxUEV5aVE3bW9OX19QVlhrdF9XY3dWMVVQd0xTbnN2dkN1TGM4RUdIblU2ZU5qUkdUNmdhMUV6bzdZMThTb1gzVS0tZlNxSHVBRTJJSXlObmhhOVNSOTBvY2dkZ3NEZGY4QWo2TnlSY3RBWDh6VV9yc3ZJc2JFbU1pb3Y5SkY3bTBESTl4eHU3REpzUElnQ29nWVVTYXQybkxDWl9NSmI3eVp5R1JLWElzblM1Tm1uWmc?oc=5
CMP105,OTEX,OpenText Corporation,"If You Invested $1,000 in Open Text Corp (OTEX) - Stock Titan","Sat, 04 Jul 2026 05:34:24 GMT","If You Invested $1,000 in Open Text Corp (OTEX)  Stock Titan",https://news.google.com/rss/articles/CBMibkFVX3lxTFAxTUVkNGduVTRfNkdHUEdoVTJPVFdRTTJTT0JRblRieVlpNnBhWDJMUE5DOWxkajlLTHFVWVktYjlPSTJNODBWSVJRVzJMWk1RNExidW9TVEktenpTYVdnZ2M2Nl9kejJWMzY2UmJ3?oc=5
CMP105,OTEX,OpenText Corporation,OpenText Reports Third Quarter Fiscal Year 2026 Financial Results - PR Newswire,"Thu, 07 May 2026 07:00:00 GMT",OpenText Reports Third Quarter Fiscal Year 2026 Financial Results  PR Newswire,https://news.google.com/rss/articles/CBMivgFBVV95cUxOUE96Qk1jMG5KWlN4TW9QRVVsMTBSaHh1d3VET2xnc1gyZmdNUkFNUVAwdGpTUVY1eV8yR1JNcjMwY2ZvU0JiY0NENDNMQTdCVXlNSDhQSll5dU5YUXFIck10dWJST3hEdEpmRUpmSEtEZll3TnlMOUZyQXhsSTVuSUJ0Rm4xM0Z4RmJDdEdUQWV1bl82UzRVRjB2NFJfMENpbEg5WllLbEVtNEstV3BQbFNUM3ZNLVBNckt4RWpn?oc=5
CMP105,OTEX,OpenText Corporation,A move to mandating AI at work - OpenText Blogs,"Thu, 11 Jun 2026 07:00:00 GMT",A move to mandating AI at work  OpenText Blogs,https://news.google.com/rss/articles/CBMiakFVX3lxTE84c1JTTkFBZmNYWGlnNGx5WXpZNjBub3hBZ1VObHlKbUVMa1BZZkxKdGxmQUNjZF8xTHVGSTJZcVFya0pqd042TGk0YXpJRVpvUnlwX3NpRmVtblRFYll6MHRqVTVPejRQMVE?oc=5
CMP105,OTEX,OpenText Corporation,OpenText to Create 400 Jobs with €105 Million Investment in Cork and Galway to Expand Agentic AI and Sovereign Cloud in Europe | Corporate - EQS News,"Fri, 12 Jun 2026 23:09:28 GMT",OpenText to Create 400 Jobs with €105 Million Investment in Cork and Galway to Expand Agentic AI and Sovereign Cloud in Europe | Corporate  EQS News,https://news.google.com/rss/articles/CBMirwJBVV95cUxNWFIzSHJQaGFfV2I2RWJFMGE2bmlDQXZXRkcyZEJaLUtQQXVTdW11NXRfTmRsTTdocFBlSUl0MkY0dm9yTUZNQ3dlaDc2T2VkN01TYXN2U1J1NkJKc1RqZGVnMHRENnd6SkIxTGVONXFhb0RJSU5uekxqVlJhZDEwcHE4a2ZfOXctd1YwTTVzSFlRVEJCMWg1cktOSEh6MFk0TkJjcklqVUlNMHNybE5XNDlrZl9MWEktdnM1NXYxMWFrcEpxdXdGZ2l1M3ZXNlA2YmZwT005NkN0WWNnc1ppZTdhNXh4aGZENC03WExnMXgyQWlyTi1FMGNWckVjWEpWY0hVYWJUMU9qMHFQVU9YcmN1U19hQmNuSDUzbzkwZGZvUy05dTRyb0VRMzFleGM?oc=5
CMP105,OTEX,OpenText Corporation,"OpenText Q3 FY’26 slides: cloud revenue hits record, margins expand - Investing.com","Fri, 08 May 2026 07:00:00 GMT","OpenText Q3 FY’26 slides: cloud revenue hits record, margins expand  Investing.com",https://news.google.com/rss/articles/CBMivgFBVV95cUxNUXo1QkZkWEtsb3o5S016Q3Yyd2ZidDNPcmhtUXRKbHgyRjdqWGlsWm9xd2VmY2RSMG5aTjdudVFVVTN2NmxpbjdWNUhsYkFWTUEzdnJpa3Q3WmdYOWNYcU4zcUw1WURtcWN2YjFvLWYwQnZNNzlMNDNrQTZ6WVljYnd2TGQwU0xGRmlqZjhaMG4zU28wWUZPeTVSeG1GSmxlRUdvT0w4Q3lqOVdFelU3NnBBNVF6YjhWbTZhaThn?oc=5
